Song ID,pop,rap,dance-pop,post-teen-pop,pop-rap,trap,reggaeton,trap-latino,latin,hip-hop,melodic-rap,canadian-pop,electropop,pop-dance,atl-hip-hop
3Wrjm47oTz2sjIgck11l5e,0,0,0,0,0,0,0,0,0,0,0,0,0,0,0
5HCyWlXZPP0y6Gqq8TgA20,0,0,0,0,0,0,0,0,0,0,0,0,0,0,0
4ZtFanR9U6ndgddUvNcjcG,1,0,0,0,0,0,0,0,0,0,0,0,0,0,0
6PQ88X9TkUIAUIZJHW2upE,1,0,0,0,0,0,0,0,0,0,0,0,0,0,0
27NovPIUIRrOZoCHxABJwK,0,0,0,0,1,0,0,0,0,0,0,0,0,0,0
67BtfxlNbhBmCDR2L2l8qd,0,0,0,0,1,0,0,0,0,0,0,0,0,0,0
748mdHapucXQri7IAO8yFK,1,0,1,0,0,0,0,0,0,0,0,0,0,0,0
4fSIb4hdOQ151TILNsSEaF,0,0,0,0,0,0,0,1,0,0,0,0,0,0,0
2JPLbjOn0wPCngEot2STUS,0,0,0,0,0,0,1,1,1,0,0,0,0,0,0
4pt5fDVTg5GhEvEtlz9dKk,0,0,0,0,0,0,0,0,0,0,0,0,0,0,0
463CkQjx2Zk1yXoBuierM9,1,0,1,0,0,0,0,0,0,0,0,0,0,0,0
6hf0RpxTbOprT5nnwzkk8e,0,0,0,0,0,0,1,0,1,0,0,0,0,0,0
0LThjFY2iTtNdd4wviwVV2,0,0,0,0,0,0,0,0,0,0,0,0,0,0,0
4iJyoBOLtHqaGxP12qzhQI,1,0,0,1,0,0,0,0,0,0,0,1,0,0,0
2bgTY4UwhfBYhGT4HUYStN,0,0,0,0,0,0,0,0,0,0,0,0,0,0,0
5CZ40GBx1sQ9agT82CLQCT,1,0,0,0,0,0,0,0,0,0,0,0,0,0,0
6HU7h9RYOaPRFeh0R3UeAr,1,0,0,0,0,0,0,0,0,0,0,0,0,0,0
37BZB0z9T8Xu7U3e65qxFy,1,0,0,0,0,0,0,0,0,0,0,1,0,0,0
05bfbizlM5AX6Mf1RRyMho,0,0,0,0,0,0,1,1,1,0,0,0,0,0,0
3Vi5XqYrmQgOYBajMWSvCi,1,0,1,0,0,0,0,0,0,0,0,0,0,0,0
0G2zPzWqVjR68iNPmx2TBe,0,0,0,0,0,0,1,1,0,0,0,0,0,0,0
5lAnYvAIkSDNXqfo7DyFUm,1,0,1,0,0,0,0,0,0,0,0,0,0,0,0
5wANPM4fQCJwkGd4rN57mH,1,0,0,0,0,0,0,0,0,0,0,0,0,0,0
3USxtqRwSYz57Ewm6wWRMp,0,0,0,0,0,0,0,0,0,0,0,0,0,0,0
0VjIjW4GlUZAMYd2vXMi3b,1,0,0,0,0,0,0,0,0,0,0,1,0,0,0
2tGvwE8GcFKwNdAXMnlbfl,1,0,0,0,0,0,0,0,0,0,0,0,0,0,0
5fwSHlTEWpluwOM0Sxnh5k,0,0,0,0,0,0,1,1,1,0,0,0,0,0,0
40uMIn2zJLAQhNXghRjBed,0,1,0,0,0,0,0,0,0,0,1,0,0,0,0
4cG7HUWYHBV6R6tHn1gxrl,0,0,1,0,0,0,0,0,0,0,0,0,0,1,0
3Ofmpyhv5UAQ70mENzB277,0,0,0,0,0,0,0,0,0,0,0,0,0,0,0
7MAibcTli4IisCtbHKrGMh,1,0,1,1,0,0,0,0,0,0,0,0,0,0,0
1058fW9H3fZA6QjYCdOBad,1,0,1,1,0,0,0,0,0,0,0,0,1,0,0
5JCoSi02qi3jJeHdZXMmR8,1,0,0,0,0,0,0,0,0,0,0,0,0,0,0
2rCbl9naJYhaxjLsfx88uM,0,0,0,0,0,0,1,0,1,0,0,0,0,0,0
6UelLqGlWMcVH1E5c4H7lY,1,0,0,1,0,0,0,0,0,0,0,0,0,0,0
 ,,,,,,,,,,,,,,,
43PGPuHIlVOc04jrZVh9L6,0,0,0,0,0,0,0,0,0,0,0,0,0,0,0
0k4d5YPDr1r7FX77VdqWez,1,0,1,0,0,0,0,0,0,0,0,0,0,0,0
27RSJHEA99Y0Vsow7nA37A,0,0,0,0,0,0,1,1,1,0,0,0,0,0,0
4MzXwWMhyBbmu6hOcLVD49,0,0,0,0,0,0,1,1,1,0,0,0,0,0,0
0cOa970mzTWAxKtltpkpLc,0,0,0,0,0,0,0,0,0,0,0,0,0,0,0
0MMyJUC3WNnFS1lit5pTjk,1,0,0,0,0,0,0,0,0,0,0,0,0,0,0
1WedZeiezCmCEOzLwhx0hV,0,0,0,0,0,0,1,0,1,0,0,0,0,0,0
4saklk6nie3yiGePpBwUoc,0,0,0,0,0,0,0,0,0,0,0,0,0,0,0
6f3Slt0GbA2bPZlz0aIFXN,0,0,1,0,0,0,0,0,0,0,0,0,0,1,0
5K6Ssv4Z3zRvxt0P6EKUAP,1,0,1,0,0,0,0,0,0,0,0,0,0,1,0
4jPy3l0RUwlUI9T5XHBW2m,0,0,0,0,0,0,0,0,0,0,0,0,0,0,0
6w8yBI2vthyN9UnwO4UBWb,0,0,0,0,0,0,0,0,0,0,0,0,0,0,0
43qcs9NpJhDxtG91zxFkj7,0,0,0,0,0,0,1,1,1,0,0,0,0,0,0
7BoobGhD4x5K96Me0hqC8Q,,,,,,,,,,,,,,,
03LfOYi0icz4souspZVVhq,0,0,0,0,0,0,0,1,0,0,0,0,0,0,0
4OwhwvKESFtuu06dTgct7i,,,,,,,,,,,,,,,
38GBNKZUhfBkk3oNlWzRYd,1,0,0,0,0,0,0,0,0,0,0,0,1,0,0
6FO4K7MrMoYkc5BlpX5LNV,0,0,0,0,0,0,0,0,0,0,0,0,0,1,0
4qu63nuBpdn0qHUHuObEj1,1,0,0,0,0,0,0,0,0,0,0,0,0,1,0
7EkWXAI1wn8Ii883ecd9xr,0,0,0,0,0,0,0,0,0,0,0,0,0,0,0
2kJRlOyrxsy7Ot3c5TZ8Q6,,,,,,,,,,,,,,,
71R8HJxQk5qMiRstrlXN9t,0,0,0,0,0,0,0,1,0,0,0,0,0,0,0
5zFglKYiknIxks8geR8rcL,1,0,0,0,0,0,0,0,0,0,0,0,0,0,0
2UbVnbE5FH6008mAm6Mmgw,1,0,1,0,0,0,0,0,0,0,0,0,0,0,0
5zNW5ARjYhJQJz1AChP33n,1,0,0,0,1,0,0,0,0,0,0,0,0,0,0
5YaskwnGDZFDRipaqzbwQx,0,0,0,0,0,0,0,0,0,0,0,0,0,0,0
6SRsiMl7w1USE4mFqrOhHC,1,0,0,0,0,0,0,0,0,0,0,0,0,0,0
37BZB0z9T8Xu7U3e65qxFy,1,0,0,0,0,0,0,0,0,0,0,1,0,0,0
3FAJ6O0NOHQV8Mc5Ri6ENp,1,0,0,0,0,0,0,0,0,0,0,0,0,0,0
7njGslFmqBmOSSOpTyZCs9,,,,,,,,,,,,,,,
3ggtU1ZOKO8ZNiqPNyXGcm,,,,,,,,,,,,,,,
2QjOHCTQ1Jl3zawyYOpxh6,1,0,0,0,0,0,0,0,0,0,0,0,0,0,0
4HzqWEdAbzcVFDv0pvxV4w,0,0,0,0,0,0,1,0,1,0,0,0,0,0,0
7qEHsqek33rTcFNT9PFqLf,1,0,0,0,0,0,0,0,0,0,0,0,0,0,0
3yaYgjEFkRw3PVjW9mV1TO,0,0,0,0,0,0,0,0,0,0,0,0,0,0,0
4XvcHTUfIlWfyJTRG0aqlo,0,0,0,0,0,0,0,0,0,0,0,0,0,0,0
2FSGUA0gFgGeQdprjtGM2M,0,0,0,0,0,0,1,0,1,0,0,0,0,0,0
6PDlkWmrq2ZKiUuFt2aQsH,0,0,0,0,0,0,1,1,1,0,0,0,0,0,0
6OufwUcCqo81guU2jAlDVP,0,0,0,0,0,0,0,0,0,0,0,0,0,0,0
776AftMmFFAWUIEAb3lHhw,0,0,0,0,0,0,0,0,0,0,0,0,0,0,0
6tDDoYIxWvMLTdKpjFkc1B,1,0,0,0,0,0,0,0,0,0,0,0,0,0,0
2MnLkFqY9Rpg9s3Zv6ZJdK,0,0,0,0,0,0,0,0,0,0,0,0,0,0,0
7Bk0uXKk1uPT0XuQbpFzvs,0,0,0,0,0,0,1,1,0,0,0,0,0,0,0
2XU0oxnq2qxCpomAAuJY8K,1,0,0,0,0,0,0,0,0,0,0,0,0,0,0
27OeeYzk6klgBh83TSvGMA,0,0,0,0,0,0,0,0,0,0,0,0,0,0,0
65OVbaJR5O1RmwOQx0875b,0,1,0,0,1,0,0,0,0,1,0,1,0,0,0
0Kdj7nwaYQmvhxnqZaIQuW,0,0,0,0,0,0,0,0,0,0,0,0,0,0,0
2sN1pMv6d2t5GlvN6IBMlK,,,,,,,,,,,,,,,
5uEYRdEIh9Bo4fpjDd4Na9,0,1,0,0,0,0,0,0,0,0,0,0,0,0,0
6cx06DFPPHchuUAcTxznu9,1,0,1,0,0,0,0,0,0,0,0,0,0,1,0
0siYMEsGrzzzlWLXK5zJfS,1,0,1,0,0,0,0,0,0,0,0,0,0,1,0
7MC4XR9M9amdmKQr2iDF7i,0,0,0,0,0,0,0,0,0,0,0,0,0,0,0
3zs87EV3EZSh2UpiXxT52Y,0,1,0,0,1,1,0,0,0,0,0,0,0,0,0
1Xi84slp6FryDSCbzq4UCD,0,0,0,0,0,0,0,0,0,0,0,0,0,0,0
5jzEwSyyymBlf1fa1o39T2,0,0,0,0,0,0,1,1,0,0,0,0,0,0,0
35mvY5S1H3J2QZyna3TFe0,1,0,1,1,0,0,0,0,0,0,0,0,0,0,0
21jGcNKet2qwijlDFuPiPb,0,1,0,0,0,0,0,0,0,0,1,0,0,0,0
08EPQiLMyGB8GJX2EiVoCM,0,0,0,0,0,0,0,0,0,0,0,0,0,0,0
4DHDIdeayp8xvlyg22wREO,0,0,0,0,0,0,1,1,1,0,0,0,0,0,0
5lGtPshEJlsJgmqKLi41LY,,,,,,,,,,,,,,,
6Uj1ctrBOjOas8xZXGqKk4,1,0,1,0,0,0,0,0,0,0,0,0,0,0,0
1QL7nSDZCwZMnbisV4KOXt,1,0,1,1,1,0,0,0,0,0,0,0,1,0,0
2oUwMN5VfdGX10XeQJLBBi,0,0,0,0,0,0,0,0,0,0,0,0,0,0,0
2gMXnyrvIjhVBUZwvLZDMP,1,0,0,0,0,0,0,0,0,0,0,0,0,0,0
463CkQjx2Zk1yXoBuierM9,1,0,1,0,0,0,0,0,0,0,0,0,0,0,0
5ajjAnNRh8bxFvaVHzpPjh,1,0,1,1,0,0,0,0,0,0,0,0,1,0,0
7COGuXyTr12KvdaYXMqheC,,,,,,,,,,,,,,,
0pqnGHJpmpxLKifKRmU6WP,1,0,0,0,0,0,0,0,0,0,0,0,0,0,0
02kDW379Yfd5PzW5A6vuGt,0,1,0,0,1,1,0,0,0,0,0,0,0,0,0
161DnLWsx1i3u1JT05lzqU,1,0,1,1,0,0,0,0,0,0,0,0,0,0,0
0zLCBJZSiELJf02ucPP9wb,0,1,0,0,1,1,0,0,0,0,1,0,0,0,0
5u7twkeask1VIyDeNTElSU,0,0,0,0,0,0,1,1,1,0,0,0,0,0,0
59L8x0xy8njj75vzVCPMqg,1,0,1,0,0,0,1,1,1,0,0,0,0,0,0
4bF2y8rR7GUjrd5LNEvej3,,,,,,,,,,,,,,,
0u2P5u6lvoDfwTYjAADbn4,1,0,0,0,0,0,0,0,0,0,0,0,1,0,0
3KkXRkHbMCARz0aVfEt68P,,,,,,,,,,,,,,,
2CVChktEKBsM6v4IfdFU5k,0,0,0,0,0,0,0,0,0,0,0,0,0,0,0
60ynsPSSKe6O3sfwRnIBRf,1,0,1,0,0,0,0,0,0,0,0,0,0,0,0
0vR2rIVORmgeKiGIgNT0fV,1,0,1,0,0,0,0,0,0,0,0,0,0,0,0
4PQdrXMDHDPl1RczrrlADd,0,0,0,0,0,0,0,0,0,0,0,0,0,0,0
7qiZfU4dY1lWllzX7mPBI3,1,0,0,0,0,0,0,0,0,0,0,0,0,0,0
0TK2YIli7K1leLovkQiNik,1,0,1,1,0,0,0,0,0,0,0,1,0,0,0
49xx65gvlD7xXjDTavFqaJ,,,,,,,,,,,,,,,
0tgVpDi06FyKpA1z0VMD4v,1,0,0,0,0,0,0,0,0,0,0,0,0,0,0
74znaWw1hmQBusGPSOuTFy,0,0,0,0,0,0,0,0,0,0,0,0,0,0,0
2XIc1pqjXV3Cr2BQUGNBck,0,0,0,0,0,0,1,1,1,0,0,0,0,0,0
7ytR5pFWmSjzHJIeQkgog4,0,1,0,0,0,0,0,0,0,0,0,0,0,0,0
4xqrdfXkTW4T0RauPLv3WA,1,0,0,1,0,0,0,0,0,0,0,0,1,0,0
45bE4HXI0AwGZXfZtMp8JR,1,0,1,1,0,0,0,0,0,0,0,0,0,0,0
0ct6r3EGTcMLPtrXHDvVjc,1,0,1,0,0,0,0,0,0,0,0,0,0,1,0
3JvrhDOgAt6p7K8mDyZwRd,1,0,0,0,0,0,0,0,0,0,0,0,0,0,0
5ghIJDpPoe3CfHMGu71E6T,0,0,0,0,0,0,0,0,0,0,0,0,0,0,0
2TOzTqQXNmR2zDJXihjZ2e,1,0,0,0,0,0,0,0,0,0,0,0,0,0,0
5E30LdtzQTGqRvNd7l6kG5,1,0,0,0,0,0,0,0,0,0,0,0,0,0,0
0FqVtQxRD3HsPltldG5v5M,,,,,,,,,,,,,,,
2BITQ360Knh6qNAOqR7Dyq,0,1,0,0,0,1,0,0,0,0,1,0,0,0,0
4cktbXiXOapiLBMprHFErI,1,0,0,0,0,0,0,0,0,0,0,0,0,0,0
7otCGmgp9h4CsR2LhwB6gt,1,0,0,0,0,0,0,0,0,0,0,0,0,0,0
2aTKrdenCq5qBOoJPFdn4P,0,0,0,0,0,0,0,0,0,0,0,0,0,0,0
1CS7Sd1u5tWkstBhpssyjP,1,0,0,0,0,0,0,0,0,0,0,0,0,0,0
2sX7lJXsOYGP1Us6CqM9t1,0,0,0,0,0,0,0,0,0,0,0,0,0,0,0
5SwyN9hzmWjBsINlif8li8,0,0,0,0,0,0,0,0,0,0,0,0,0,0,0
1XXimziG1uhM0eDNCZCrUl,1,1,1,0,1,0,0,0,0,0,0,0,0,0,0
0GzuHFG4Ql6DoyxFRnIk3F,0,0,0,0,0,0,1,0,1,0,0,0,0,0,0
2CIYemjFXdmCWpJnfbtrD6,1,0,0,0,0,0,0,0,0,0,0,0,0,0,0
7tFiyTwD0nx5a1eklYtX2J,0,0,0,0,0,0,0,0,0,0,0,0,0,0,0
1xK1Gg9SxG8fy2Ya373oqb,0,0,0,0,0,0,0,1,0,0,0,0,0,0,0
6ft4hAq6yde8jPZY2i5zLr,0,0,1,0,0,0,0,0,0,0,0,0,0,1,0
5uEYRdEIh9Bo4fpjDd4Na9,0,1,0,0,0,0,0,0,0,0,0,0,0,0,0
2pPO9YecZimmuVQfIzfV6U,0,0,0,0,0,0,0,0,0,0,0,0,0,1,0
0IqCoZ168iRc9LqfrYgpZy,0,0,0,0,0,0,0,0,0,0,0,0,0,0,0
2VxeLyX666F8uXCJ0dZF8B,1,0,1,1,0,0,0,0,0,0,0,0,0,0,0
7nc7mlSdWYeFom84zZ8Wr8,0,0,0,0,0,0,0,0,0,0,0,0,0,0,0
0xBQvhJAm6f7J142ympKOn,,,,,,,,,,,,,,,
6sy3LkhNFjJWlaeSMNwQ62,1,0,1,0,0,0,0,0,0,0,0,0,0,0,0
3AJwUDP919kvQ9QcozQPxg,1,0,0,0,0,0,0,0,0,0,0,0,0,0,0
1GYJpuLq41vEVKXiHGEY9j,,,,,,,,,,,,,,,
5F2xRvRFkxDvqdFtUNAEyw,,,,,,,,,,,,,,,
0nrRP2bk19rLc0orkWPQk2,1,0,1,0,0,0,0,0,0,0,0,0,0,1,0
5R9KPXQVeyqsHZoPLMgfNy,0,0,0,0,0,0,0,0,0,0,0,0,0,0,0
0dqVP9CnGjaYNjya3gYbYy,,,,,,,,,,,,,,,
1tkg4EHVoqnhR6iFEXb60y,0,0,0,0,0,0,0,0,0,0,0,0,0,0,0
0TCmhnbMpw5zwPsTvlXTJi,0,0,0,0,0,0,0,0,0,0,0,0,0,0,0
1YDebgap5OFwXEBG18NJvy,0,1,0,0,0,0,0,0,0,0,0,0,0,0,0
0cu0rhnlCnJ7JIeHRiLpj3,0,1,0,0,0,0,0,0,0,0,0,0,0,0,0
285pBltuF7vW8TeWk8hdRR,0,0,0,0,0,0,0,0,0,0,1,0,0,0,0
3J8EOeKLTLXORtWPpOU5bE,0,0,0,0,0,0,0,0,0,0,1,0,0,0,0
 ,,,,,,,,,,,,,,,
1hewNsVmijBqjKvFRQfk4m,,,,,,,,,,,,,,,
6Tio0ZoDeSQnI7EBAqWer2,1,0,1,1,0,0,0,0,0,0,0,0,0,0,0
0PvFJmanyNQMseIFrU708S,0,0,0,0,0,0,0,0,0,0,0,0,0,0,0
4wcBRRpIfesgcyUtis7PEg,1,0,0,0,0,0,0,0,0,0,0,0,0,0,0
4Oun2ylbjFKMPTiaSbbCih,1,1,1,0,1,0,0,0,0,0,0,0,0,0,0
7oK9VyNzrYvRFo7nQEYkWN,0,0,0,0,0,0,0,0,0,0,0,0,0,0,0
1JSTJqkT5qHq8MDJnJbRE1,0,0,0,0,0,0,0,0,0,0,0,0,0,0,0
0ofHAoxe9vBkTCp2UQIavz,0,0,0,0,0,0,0,0,0,0,0,0,0,0,0
5uCax9HTNlzGybIStD3vDh,1,0,0,1,0,0,0,0,0,0,0,0,0,0,0
2vXgyN14LX2zl7JEASw242,1,0,1,1,1,0,0,0,0,0,0,0,0,0,0
4LaGu95Ui2s4vprSQYWUAZ,0,0,0,0,0,0,0,0,0,0,0,0,0,0,0
3DMs7bahbQTnoxCjgP7qoK,0,0,0,0,0,0,0,0,0,0,0,0,0,0,0
7eJMfftS33KTjuF7lTsMCx,0,0,0,0,0,0,0,0,0,0,0,0,0,0,0
5zqObw7wjBgL9TDiAymxPn,1,0,1,1,0,0,0,0,0,0,0,0,0,1,0
57JVGBtBLCfHw2muk5416J,0,0,0,0,0,0,0,0,0,0,0,0,0,0,0
1zi7xx7UVEFkmKfv06H8x0,0,1,0,0,1,0,0,0,0,1,0,1,0,0,0
3jjujdWJ72nww5eGnfs2E7,1,0,0,1,0,0,0,0,0,0,0,0,0,0,0
2xXNLutYAOELYVObYb1C1S,,,,,,,,,,,,,,,
3ZozFqJJlDBNIm4xqxn2ZD,0,0,0,0,0,0,0,0,0,0,0,0,0,0,0
3PwRuzdphgedcWVUOVYJ7I,0,0,0,0,0,0,0,1,0,0,0,0,0,0,0
3U4isOIWM3VvDubwSI3y7a,1,0,0,0,0,0,0,0,0,0,0,0,0,0,0
1VLtjHwRWOVJiE5Py7JxoQ,0,0,0,0,0,0,0,0,0,0,0,0,0,0,0
79s5XnCN4TJKTVMSmOx8Ep,0,0,0,0,0,0,0,0,0,0,0,0,0,0,0
2etHQJxIbV0soyPhelVs9Y,1,0,1,0,1,0,0,0,0,0,0,0,0,0,0
7fBv7CLKzipRk6EC6TWHOB,1,0,0,0,0,0,0,0,0,0,0,1,0,0,0
3YJJjQPAbDT7mGpX3WtQ9A,1,0,0,0,1,0,0,0,0,0,0,0,0,0,0
0MWiSBKm8Avs8iDIxcertp,1,0,1,1,0,0,0,0,0,0,0,0,0,1,0
267NGliXM8YLVZiKAD9Otm,0,0,0,0,0,0,1,1,1,0,0,0,0,0,0
6ocbgoVGwYJhOv1GgI9NsF,1,0,1,1,0,0,0,0,0,0,0,0,0,0,0
1dIWPXMX4kRHj6Dt2DStUQ,,,,,,,,,,,,,,,
6pQKUKBpwr6GhfhcFFFozo,0,0,0,0,0,0,0,0,0,0,0,0,0,0,0
3H7ihDc1dqLriiWXwsc2po,0,0,1,0,0,0,0,0,0,0,0,0,0,1,0
5VTqW8raQYnj2avZ27nO2a,0,0,0,0,0,0,0,0,0,0,0,0,0,0,0
1fxYz1s15pyZLsJT0Hdh1m,0,1,0,0,0,1,0,0,0,0,1,0,0,0,0
7IPKXYU2rTMnrLW5IZ7ZI5,0,0,0,0,0,0,0,0,0,0,0,0,0,0,0
3yfqSUWxFvZELEM4PmlwIR,0,1,0,0,0,0,0,0,0,1,0,0,0,0,0
1Eu51GaXEehPMrDMh5QghA,0,0,0,0,0,0,0,0,0,0,0,0,0,0,0
6bsqes8Zg9gUULzuCkMUs0,0,0,0,0,0,0,0,0,0,0,0,0,0,0,0
3EpF150nXMSNjiH0bbmXIL,0,1,0,0,0,1,0,0,0,0,1,0,0,0,0
7wAnRqccDr2tzcSKLR4jKl,0,0,0,0,0,0,0,0,0,0,0,0,0,0,0
7LB3ilSpX1mSMKKztNTnu2,0,0,0,0,0,0,0,0,0,0,0,0,0,0,0
6nV2dFZXpv1JlqDWBeTXRl,0,0,0,0,0,0,0,0,0,0,0,0,0,0,0
4byRwLo7EmkCNBU6S8G6u0,0,0,0,0,0,0,0,0,0,0,0,0,0,0,0
2mmRtchzDVpCj9LSyexgjS,0,0,0,0,0,0,0,0,0,0,0,0,0,0,0
5B0kgjHULYJhAQkK5XsMoC,0,1,0,0,0,0,0,0,0,1,0,0,0,0,0
2H7jZg2HliuQhZjfBblLrZ,0,0,0,0,0,0,0,0,0,0,0,0,0,0,0
6uvMKqNlrSvcC4NaKnrwjZ,0,0,0,0,0,0,0,0,0,0,0,0,0,0,0
58aW6yZGFl7rVM7SLfLnLL,0,0,0,0,0,0,0,0,0,0,0,0,0,0,0
2dNhNlpZAtV4lwAFW45LIv,0,0,0,0,0,0,1,1,1,0,0,0,0,0,0
1x3Qb8np6S1UvpSLthwEJN,0,0,0,0,0,0,0,0,0,0,0,0,0,0,0
2tnVG71enUj33Ic2nFN6kZ,0,0,1,0,0,0,0,0,0,0,0,0,0,1,0
36fhyo5QlxBW7DrDHIOn1G,,,,,,,,,,,,,,,
239yM7BAQ2CkNc61ogPGXo,0,0,0,0,0,0,0,0,0,0,0,0,0,0,0
2d1MywHy6FwKdzxFuSJnwl,1,0,0,0,0,0,0,0,0,0,0,0,0,0,0
0qxLQ6opocOGyFnlXqJ53x,0,0,0,0,0,0,0,0,0,0,0,0,0,0,0
2IePEfMAtqWS6rLXXFZIgI,0,1,0,0,1,1,0,0,0,0,0,0,0,0,0
7FdUvDkaE24o3FPIWTvzv2,1,0,0,0,0,0,0,0,0,0,0,0,0,0,0
1diS6nkxMQc3wwC4G1j0bh,1,0,1,0,0,0,0,0,0,0,0,0,0,0,0
249gnXrbfmV8NG6jTEMSwD,0,0,0,0,0,0,0,0,0,0,0,0,0,0,0
27RSJHEA99Y0Vsow7nA37A,0,0,0,0,0,0,1,1,1,0,0,0,0,0,0
079Ey5uxL04AKPQgVQwx5h,1,0,1,1,0,0,0,0,0,0,0,0,0,0,0
15qKrPi4Kg0z7g9HlwWyeb,0,1,0,0,1,0,0,0,0,1,0,0,0,0,0
1zejeOnykpCoyVSit6Bwp3,1,0,0,0,0,0,0,0,0,0,0,0,0,0,0
7Kba4OaxQFQ1zlknQUpNqN,0,0,0,0,0,0,0,0,0,0,0,0,0,0,0
0BTaaKT4RMbs5M73tOHX5Y,0,0,0,0,0,0,0,0,0,0,0,0,0,0,0
67G6iaOw8DZqp1z8STR89R,0,0,0,0,0,0,0,0,0,0,0,0,0,0,0
34chhNX59Wo9HMFCsI3K8Y,0,0,0,0,0,0,0,0,0,0,0,0,0,0,0
6Et5KimMg3IXwD6lJPGmQw,0,0,0,0,0,0,1,1,1,0,0,0,0,0,0
4wQUopWk9Ed7Ng5qpKN5qd,0,0,0,0,0,0,0,0,0,0,0,0,0,0,0
5RAIMjdrCEjpjaR5tBATXU,0,0,0,0,0,0,1,0,1,0,0,0,0,0,0
0giiXonRhODYy4J1iy4Lb3,0,0,0,0,0,0,0,1,0,0,0,0,0,0,0
7BKLCZ1jbUBVqRi2FVlTVw,1,0,1,0,0,0,0,0,0,0,0,0,1,1,0
7ygpwy2qP3NbrxVkHvUhXY,0,0,0,0,0,0,0,0,0,0,0,0,0,0,0
48WidxP9CqyYtk97pwGZ3c,1,1,0,0,0,0,0,0,0,0,0,0,0,0,0
0FFsgUoFibYISzMxuGS61W,1,0,1,0,0,0,0,0,0,0,0,0,0,0,0
1aU1wpYBSpP0M6IiihY5Ue,0,0,0,0,0,0,0,0,0,0,0,0,0,0,0
7z4xW9WY86uH3gd1V9pfCM,0,1,0,0,0,0,0,0,0,1,0,0,0,0,0
3rV5y8rcQrwRt9fWGLmjOQ,0,0,0,0,0,0,0,0,0,0,0,0,0,0,0
1EJIcDYXwSqipW5dFe4uJz,0,1,0,0,1,1,0,0,0,1,0,0,0,0,0
3nY8AqaMNNHHLYV4380ol0,,,,,,,,,,,,,,,
3KdoeNlEN0BoAKWzaRLNZa,1,0,1,1,0,0,0,0,0,0,0,0,1,0,0
042Sl6Mn83JHyLEqdK7uI0,1,0,0,0,0,0,0,0,0,0,0,0,1,0,0
49gzU1IS1B6P3GATSZ5eCE,0,0,0,0,0,0,0,0,0,0,0,0,0,0,0
5vGLcdRuSbUhD8ScwsGSdA,0,0,0,0,0,0,0,0,0,0,0,0,0,0,0
2MZQAvsA7aZDssppBLRxYp,0,0,0,0,0,0,0,0,0,0,0,0,0,0,0
5JqZ3oqF00jkT81foAFvqg,1,0,1,1,0,0,0,0,0,0,0,0,0,0,0
0qOnSQQF0yzuPWsXrQ9paz,0,0,1,0,1,0,0,0,0,0,0,0,0,0,0
7r9ZhitdQBONTFOiJW5mr8,0,0,0,0,0,0,0,1,0,0,0,0,0,0,0
01hEpx8jnOG4q7nDK14Rhi,,,,,,,,,,,,,,,
1VauUM5CBX7nkLcgafQL2B,0,0,0,0,0,0,0,1,0,0,0,0,0,0,0
5FVd6KXrgO9B3JPmC8OPst,0,0,0,0,0,0,0,0,0,0,0,0,0,0,0
0BiK5BbYNFLb88CCOxBFJe,0,1,0,0,0,0,0,0,0,1,0,0,0,0,0
5fbHRCsGpFIOLRtlhCRFDR,0,1,0,0,0,0,0,0,0,1,0,0,0,0,0
3JJL91ilRV6fXhKqu0FGXs,0,1,0,0,0,0,0,0,0,1,0,0,0,0,0
46oHvXwpEZOFX518we1nJD,0,1,0,0,0,0,0,0,0,1,0,0,0,0,0
3EG9FJ0ToLfgnc1IG2Z1wz,0,1,0,0,0,0,0,0,0,1,0,0,0,0,0
4ydmav4vl7hebadtfZtMrg,0,1,0,0,0,0,0,0,0,1,0,0,0,0,0
2goHCrsDJaflEwQ930ef0o,0,1,0,0,0,0,0,0,0,1,0,0,0,0,0
13HsOwrwTA5HgLuoaDHncP,0,1,0,0,0,0,0,0,0,1,0,0,0,0,0
6qouBO0wJtYc3k7DfKRUBx,0,1,0,0,0,0,0,0,0,1,0,0,0,0,0
0W6I02J9xcqK8MtSeosEXb,1,0,1,0,0,0,0,0,0,0,0,0,0,0,0
1pbbsI2KGPOMu0HmuGccBu,0,1,0,0,0,0,0,0,0,1,0,0,0,0,0
4Hta7Oy5W9HD0UgT1P8PPV,0,1,0,0,0,0,0,0,0,1,0,0,0,0,0
0CsR9Y9SnC6ZWmekmVqSHz,1,0,1,0,0,0,0,0,0,0,0,0,0,0,0
2NM0qHzx4Ohy8iXHEEgwlO,0,1,0,0,1,1,0,0,0,0,0,0,0,0,1
2HolBGR6tpiWI80MXoV1dJ,1,0,1,0,0,0,0,0,0,0,0,0,0,0,0
7y3xU9vEC1s8DSuuoSYKih,1,0,1,0,0,0,0,0,0,0,0,0,0,0,0
6qdMhG7pRFi0csRlFGvLE4,0,0,0,0,0,0,0,0,0,0,0,0,0,0,0
0EhpEsp4L0oRGM0vmeaN5e,0,0,0,0,0,0,1,0,1,0,0,0,0,0,0
1xQ6trAsedVPCdbtDAmk0c,0,0,0,0,0,0,0,0,0,0,0,0,0,0,0
1WedZeiezCmCEOzLwhx0hV,0,0,0,0,0,0,1,0,1,0,0,0,0,0,0
3VvA1wSxukMLsvXoXtlwWx,0,0,0,0,0,0,1,0,0,0,0,0,0,0,0
31sSFHIe4NaxltVFOEIcTa,1,0,1,1,0,0,0,0,0,0,0,0,0,0,0
03y045SZqaC94yfXl1cU4E,0,0,0,0,0,0,0,0,0,0,0,0,0,0,0
5W8jRrZ6tWrTrqnKRtIQBf,0,1,0,0,0,0,0,0,0,1,0,0,0,0,0
1D3z6HTiQsNmZxjl7F7eoG,0,1,0,0,0,0,0,0,0,1,0,0,0,0,0
7m9OqQk4RVRkw9JJdeAw96,0,0,0,0,0,0,0,0,0,0,0,0,0,0,0
23OYT3SFtoJqhiAUqktbc1,0,0,0,0,0,0,0,0,0,0,0,0,0,0,0
0nbXyq5TXYPCO7pr3N8S4I,0,1,0,0,0,1,0,0,0,0,1,0,0,0,0
3iw6V4LH7yPj1ESORX9RIN,,,,,,,,,,,,,,,
3bidbhpOYeV4knp8AIu8Xn,0,0,0,0,1,0,0,0,0,0,0,0,0,0,0
2RwMwWo43LapkA4raptxaB,,,,,,,,,,,,,,,
7kDUspsoYfLkWnZR7qwHZl,0,0,0,0,1,0,0,0,0,0,0,0,0,0,0
7BqBn9nzAq8spo5e7cZ0dJ,1,0,1,1,0,0,0,0,0,0,0,0,0,0,0
3eekarcy7kvN4yt5ZFzltW,0,1,0,0,0,0,0,0,0,0,0,0,0,0,0
017PF4Q3l4DBUiWoXk4OWT,1,0,1,0,0,0,0,0,0,0,0,0,0,0,0
2SAqBLGA283SUiwJ3xOUVI,0,1,0,0,1,0,0,0,0,1,0,1,0,0,0
2iL0W5qi0ivZ9WRXbZ74cS,1,0,1,0,0,0,0,0,0,0,0,0,0,1,0
5YYW3yRktprLRr47WK219Y,0,0,0,0,0,0,0,1,0,0,0,0,0,0,0
60a0Rd6pjrkxjPbaKzXjfq,0,0,0,0,0,0,0,0,0,0,0,0,0,0,0
62vpWI1CHwFy7tMIcSStl8,0,1,0,0,0,0,0,0,0,1,0,0,0,0,0
2xLMifQCjDGFmkHkpNLD9h,0,1,0,0,0,0,0,0,0,0,0,0,0,0,0
6RUKPb4LETWmmr3iAEQktW,1,0,1,0,0,0,0,0,0,0,0,0,1,1,0
2cc8Sw1OnCuA5bV8nqWqpE,0,0,1,0,0,0,0,0,0,0,0,0,0,1,0
3X2r2CnHOJeV5YekPTgBnK,0,1,0,0,1,1,0,0,0,0,0,0,0,0,1
4VW44pawoOHPUjlN7DX5vk,0,0,0,0,0,0,0,0,0,0,0,0,0,0,0
25qk9xa71F1POdI4vj7rbi,0,0,0,0,0,0,0,0,0,0,0,0,0,0,0
18XlJEroUwFo0tLZxscgXE,1,0,0,0,0,0,0,0,0,0,0,0,0,0,0
4KD0lLJ4OGonZhBeKtct9I,0,1,0,0,1,1,0,0,0,0,0,0,0,0,1
1KixkQVDUHggZMU9dUobgm,1,0,1,0,0,0,0,0,0,0,0,0,0,0,0
3v1zVVdzNVNt7vmI9VG2gq,0,1,0,0,1,1,0,0,0,0,0,0,0,0,1
1zLBsSVxETQOfINOLYvT5m,1,0,1,0,1,0,0,0,0,0,0,0,0,0,0
4CPcZHzSvIBM8AKhdHUwnL,0,0,0,0,0,0,0,0,0,0,0,0,0,0,0
2Igem6Q4sfvXGJ3JkG7Baw,0,1,0,0,1,1,0,0,0,0,0,0,0,0,1
0aACcc1jEv2C6VSmmJbllJ,,,,,,,,,,,,,,,
5RubKOuDoPn5Kj5TLVxSxY,0,0,0,0,0,0,1,1,1,0,0,0,0,0,0
4llr8mcoauwrHBtjGb7F9S,0,0,0,0,0,0,0,0,0,0,0,0,0,0,0
4rOEoKL0fHrxBMhVljpbGW,,,,,,,,,,,,,,,
34eF4BoV8FPk0uhAAoqU7h,0,0,0,0,1,0,0,0,0,0,0,0,0,0,0
25uBGaikHi0DhMiGMfuXYE,0,0,0,0,0,0,0,0,0,0,0,0,0,0,0
24ySl2hOPGCDcxBxFIqWBu,1,0,1,1,0,0,0,0,0,0,0,0,0,0,0
4lUmnwRybYH7mMzf16xB0y,0,1,0,0,0,1,0,0,0,0,0,0,0,0,1
0tgBtQ0ISnMQOKorrN9HLX,0,0,0,0,0,0,0,0,0,0,0,0,0,0,0
4lUmnwRybYH7mMzf16xB0y,0,1,0,0,0,1,0,0,0,0,0,0,0,0,1
1Z8TPHiKeCUyClxV6WTTIf,0,0,0,0,0,0,0,0,0,0,0,0,0,0,0
2cnKST6T9qUo2i907lm8zX,0,1,0,0,0,0,0,0,0,1,0,0,0,0,0
21UkXrc9kD48rNpTMI2ecz,0,1,0,0,0,1,0,0,0,0,1,0,0,0,0
6rTInqW3YECMkQsBEHw4sd,0,1,0,0,0,1,0,0,0,0,0,0,0,0,0
7ndTONDDRFGiPnnhOzOXxq,0,0,0,0,0,0,1,1,1,0,0,0,0,0,0
45S5WTQEGOB1VHr1Q4FuPl,1,0,0,1,0,0,0,0,0,0,0,0,0,0,0
7HMz8o0m7ASQ3ImFPfhWTY,0,0,0,0,0,0,0,0,0,0,0,0,0,0,0
4nYLZSNXJyPq8Jj3cEdykP,,,,,,,,,,,,,,,
11ZulcYY4lowvcQm4oe3VJ,1,0,0,0,0,0,0,0,0,0,0,0,1,0,0
7zl7kehxesNEo2pYkKXTSe,0,1,0,0,0,0,0,0,0,1,0,0,0,0,0
2QLbRVzixE282JSQjBz2DG,0,0,0,0,0,0,0,0,0,0,0,0,0,0,0
4VXIryQMWpIdGgYR4TrjT1,0,0,0,0,0,0,0,0,0,0,1,0,0,0,0
6vB8bdQCCTDDIH8fhRfuXA,0,0,0,0,0,0,0,0,0,0,1,0,0,0,0
5KawlOMHjWeUjQtnuRs22c,0,0,0,0,0,0,0,0,0,0,0,0,0,0,0
2Gjt4rUHBUH0rMKpBg0hF4,,,,,,,,,,,,,,,
7FIWs0pqAYbP91WWM0vlTQ,0,1,0,0,0,0,0,0,0,1,0,0,0,0,0
6wJYhPfqk3KGhHRG76WzOh,0,1,0,0,0,1,0,0,0,0,1,0,0,0,0
4wCmqSrbyCgxEXROQE6vtV,0,0,0,0,0,0,0,0,0,0,0,0,0,0,0
5u1n1kITHCxxp8twBcZxWy,1,0,0,1,0,0,0,0,0,0,0,1,0,0,0
7IG7laqVpcvIIULrwWP5SA,0,0,0,0,0,0,0,0,0,0,0,0,0,0,0
08LwMWf5Tcfsd752EPzFV0,0,1,0,0,0,0,0,0,0,1,0,0,0,0,0
2Ol2sv6gePRdJrZC1hDVNY,0,0,0,0,0,0,0,0,0,0,0,0,0,0,0
3UHPGOkUcE4hE7sqBF4Snt,0,0,0,0,0,0,0,0,0,0,0,0,0,0,0
1uAOCTevGnyKIDbgZdOCnE,0,0,0,0,0,0,0,0,0,0,0,0,0,0,0
2nG54Y4a3sH9YpfxMolOyi,0,0,0,0,0,0,0,0,0,0,0,0,0,0,0
60dwJ8dnqZ4WrIdiu7LkNR,0,0,0,0,0,0,0,0,0,0,0,0,0,0,0
5R691ipUYRDYW6ehapjoj6,0,1,0,0,0,0,0,0,0,1,0,0,0,0,0
1TZv3bujNaYz646eezRE91,1,0,1,1,1,0,0,0,0,0,0,0,0,0,0
1ovFnZv6mUe0LzAbfVqOmh,0,0,0,0,0,0,0,0,0,0,0,0,0,0,0
7mEDVrAHDnQJStDo8jKJJm,0,0,0,0,0,0,0,0,0,0,0,0,0,0,0
2QdH0rKlV3d9Y6lWzcnlBH,0,0,0,0,0,0,0,0,0,0,0,0,0,0,0
0GAyuCo975IHGxxiLKDufB,0,1,0,0,0,0,0,0,0,1,0,0,0,0,0
3aQem4jVGdhtg116TmJnHz,0,1,0,0,1,0,0,0,0,1,0,1,0,0,0
4TIqzdAssasqx3DAe6cG9J,0,1,0,0,1,0,0,0,0,1,0,0,0,0,0
6vFsBXYczYsP0H3lgunZOm,1,0,0,0,0,0,0,0,0,0,0,0,0,0,0
3MvY2XbGYFi6p2dgmdcOYG,,,,,,,,,,,,,,,
4eNOLmx8r2IJAVKvBBL1jv,0,0,0,0,0,0,0,0,0,0,1,0,0,0,0
3IxMaULfjq4IT2IN6v54PB,0,0,0,0,0,0,0,0,0,0,0,0,0,0,0
4O0LQKVT6hGmVGNwizmydg,0,0,0,0,0,0,0,0,0,0,0,0,0,0,0
732E6ibFkQR5lNIPEeiEnx,0,0,0,0,0,0,0,0,0,0,0,0,0,0,0
1d7q712nXjG98HiwHk7HFS,0,1,0,0,0,0,0,0,0,1,0,0,0,0,0
4n6NDfYake476trCjJRNl0,0,1,0,0,0,0,0,0,0,1,0,0,0,0,0
57ZUX6TNyKLBydAdVVd02x,0,1,0,0,0,0,0,0,0,1,0,0,0,0,0
5lLNBIyjp72btcnrjBG751,0,1,0,0,0,0,0,0,0,1,0,0,0,0,0
5BwQjRasNcdRPuVWKcHto2,0,1,0,0,0,0,0,0,0,1,0,0,0,0,0
1D3z6HTiQsNmZxjl7F7eoG,0,1,0,0,0,0,0,0,0,1,0,0,0,0,0
1EHUQesfVKwbthtNcpBi9g,0,0,0,0,0,0,0,0,0,0,0,0,0,0,0
3ke6it1vTmHtz2ApcIVUz5,0,0,0,0,0,0,0,1,0,0,0,0,0,0,0
0VWLId2RwPCno9s1cJm2Vy,0,0,0,0,0,0,1,1,1,0,0,0,0,0,0
0ZFBKLOZLIM16RAUb5eomN,1,0,1,1,0,0,0,0,0,0,0,0,1,0,0
1ZMiCix7XSAbfAJlEZWMCp,1,0,0,1,0,0,0,0,0,0,0,0,0,0,0
6qraVL4IJaIj0IuEexYJNa,0,0,0,0,0,0,0,1,0,0,0,0,0,0,0
2mM3gZ0BbPwPPMelbA8vgt,0,0,0,0,0,0,1,1,0,0,0,0,0,0,0
7vzPjsX8UzlPKKtV47qGPn,,,,,,,,,,,,,,,
4y4spB9m0Q6026KfkAvy9Q,1,0,0,1,0,0,0,0,0,0,0,1,0,0,0
2Lhdl74nwwVGOE2Gv35QuK,0,0,1,0,1,0,0,0,0,0,0,0,0,0,0
2kJwzbxV2ppxnQoYw4GLBZ,1,0,0,1,0,0,0,0,0,0,0,0,0,0,0
20GrahbI4AzAOWxpYfDKkf,0,1,0,0,1,1,0,0,0,1,0,0,0,0,0
6uvMKqNlrSvcC4NaKnrwjZ,0,0,0,0,0,0,0,0,0,0,0,0,0,0,0
1OC8hMoqAuWmTWJ4heJNlO,,,,,,,,,,,,,,,
6LcX2hBbXaJcK4AuefE936,0,1,0,0,0,1,0,0,0,0,0,0,0,0,0
1Crj1zkRMpsEjb9NOR6Zof,0,0,0,0,0,0,0,1,0,0,0,0,0,0,0
6zFMeegAMYQo0mt8rXtrli,0,0,0,0,1,0,0,0,0,0,0,0,0,0,0
0ri0Han4IRJhzvERHOZTMr,1,0,0,0,0,0,0,0,0,0,0,0,0,0,0
5yY9lUy8nbvjM1Uyo1Uqoc,0,1,0,0,1,1,0,0,0,0,0,0,0,0,1
79lc69ZXfL4WmJIzVSDmWT,0,0,0,0,0,0,0,0,0,0,0,0,0,0,0
2U5WueTLIK5WJLD7mvDODv,0,0,0,0,0,0,0,0,0,0,1,0,0,0,0
1mauYRwbpoGQX6itP2FAJC,0,0,0,0,0,0,1,1,1,0,0,0,0,0,0
58pgi1RpcU2fVJsxhm7BIr,0,0,0,0,0,0,0,0,0,0,0,0,0,0,0
1LXb70u8SLsvBAPWHMCTMe,0,0,0,0,0,0,0,0,0,0,0,0,0,0,0
2Y0wPrPQBrGhoLn14xRYCG,0,0,0,0,0,0,0,0,0,0,1,0,0,0,0
6Hj9jySrnFppAI0sEMCZpJ,0,0,0,0,0,0,0,0,0,0,1,0,0,0,0
17UfXrL7Run3GyZJW4uRjC,0,0,0,0,0,0,0,0,0,0,0,0,0,0,0
2ePtv8MlBO9nuuXABqAfEX,0,0,0,0,0,0,0,0,0,0,0,0,0,0,0
4JJcP0Rv9AgyPD6ZGaC8EE,0,1,0,0,0,1,0,0,0,1,0,0,0,0,0
1F9kEuwT29fgqlovIclu81,0,0,0,0,1,0,0,0,0,0,0,0,0,0,0
6EDO9iiTtwNv6waLwa1UUq,0,1,0,0,1,1,0,0,0,1,0,0,0,0,0
1cEhrSF6EylAEqdhUGuNpX,0,1,0,0,1,1,0,0,0,1,0,0,0,0,0
6CF085Ol0cVda1WqelybEQ,0,0,0,0,0,0,0,0,0,0,0,0,0,0,0
2pn8dNVSpYnAtlKFC8Q0DJ,,,,,,,,,,,,,,,
2CYVETnhM9aytqrazYYwrK,1,0,0,1,0,0,0,0,0,0,0,0,0,0,0
5KWwUzVxubgSPmLIUAQhYt,,,,,,,,,,,,,,,
2CdTLdDjwZdVcm0bresVWx,0,0,0,0,0,0,1,0,1,0,0,0,0,0,0
0BI0hfbmqybnd3TezrDME3,1,0,1,1,0,0,0,0,0,0,0,0,0,0,0
7JuHVG3qQKQKxC4doneXVW,0,1,0,0,0,1,0,0,0,0,0,0,0,0,0
1dg3qy5DjoJodawfOCgrTP,0,0,0,0,0,0,0,0,0,0,1,0,0,0,0
2bgcUk2A3jjKbCJ7KPquTi,0,0,0,0,0,0,1,1,1,0,0,0,0,0,0
6F2r4HgpJnvKDmkN6JEN6J,1,0,0,1,0,0,0,0,0,0,0,1,0,0,0
3krZxyBsWEHfEfJegYaWTd,1,0,1,0,0,0,0,0,0,0,0,0,0,0,0
5uEYRdEIh9Bo4fpjDd4Na9,0,1,0,0,0,0,0,0,0,0,0,0,0,0,0
6AGOKlMZWLCaEJGnaROtF9,0,0,0,0,0,0,0,0,0,0,0,0,0,0,0
1ere9b9vDw2N3m9d4uiXxa,0,0,0,0,0,0,0,0,0,0,0,0,0,0,0
55Am8neGJkdj2ADaM3aw5H,1,0,0,1,0,0,0,0,0,0,0,0,0,0,0
2Z8yfpFX0ZMavHkcIeHiO1,1,0,1,1,0,0,0,0,0,0,0,1,0,0,0
7szuecWAPwGoV1e5vGu8tl,1,0,0,0,0,0,0,0,0,0,0,1,0,0,0
3ee8Jmje8o58CHK66QrVC2,0,0,0,0,0,0,0,0,0,0,0,0,0,0,0
15OCqNPYoLziEAsbVnqRj5,1,0,0,0,0,0,0,0,0,0,0,0,0,0,0
2mt1IqcFyY1zmYZT8Q3xw9,1,0,0,0,1,0,0,0,0,0,0,0,1,0,0
0nJW01T7XtvILxQgC5J7Wh,1,0,1,1,0,0,0,0,0,0,0,0,0,0,0
1aH3EQY5LTXjRZQLpl1Gby,,,,,,,,,,,,,,,
3CRDbSIZ4r5MsZ0YwxuEkn,0,0,0,0,0,0,0,0,0,0,0,0,0,0,0
6755DFiZ7CWe2WMdTGW5C1,0,1,0,0,0,1,0,0,0,0,0,0,0,0,0
7uZqvqXzzYMKrexKxdcGmd,0,1,0,0,0,1,0,0,0,0,0,0,0,0,0
6YvqWjhGD8mB5QXcbcUKtx,1,0,0,1,0,0,0,0,0,0,0,0,0,0,0
7EWXP47VlXKO3r7mNxuWHw,0,0,0,0,0,0,0,0,0,0,0,0,0,0,0
2SUPbyD77tJuOUbqbxct6l,0,0,0,0,0,0,0,0,0,0,0,0,0,0,0
0lx2cLdOt3piJbcaXIV74f,1,0,0,1,0,0,0,0,0,0,0,0,0,0,0
086myS9r57YsLbJpU0TgK9,0,0,0,0,0,0,0,0,0,0,0,0,0,0,0
5dA45onYgYACRp8C5xEOS9,,,,,,,,,,,,,,,
0fea68AdmYNygeTGI4RC18,0,0,0,0,0,0,1,0,1,0,0,0,0,0,0
1qrpoAMXodY6895hGKoUpA,1,0,0,1,0,0,0,0,0,0,0,0,0,0,0
77sMIMlNaSURUAXq5coCxE,1,0,0,1,0,0,0,0,0,0,0,0,0,0,0
1zzxoZVylsna2BQB65Ppcb,0,1,0,0,1,0,0,0,0,1,0,0,0,0,0
2nqio0SfWg6gh2eCtfuMa5,1,0,0,1,0,0,0,0,0,0,0,0,0,0,0
22bPsP2jCgbLUvh82U0Z3M,1,0,0,1,0,0,0,0,0,0,0,0,0,0,0
5pcjystBtalYeqaiXCcgEY,1,0,0,1,0,0,0,0,0,0,0,0,0,0,0
550erGcdD9n6PnwxrvYqZT,1,0,0,1,0,0,0,0,0,0,0,0,0,0,0
5YL553x8sHderRBDlm3NM3,1,0,0,1,0,0,0,0,0,0,0,0,0,0,0
1msEuwSBneBKpVCZQcFTsU,1,0,0,1,0,0,0,0,0,0,0,0,0,0,0
7HC7R2D8WjXVcUHJyEGjRs,1,0,0,1,0,0,0,0,0,0,0,0,0,0,0
1BKT2I9x4RGKaKqW4up34s,0,1,0,0,1,0,0,0,0,1,0,0,0,0,0
7eResoqEJJAVTkQYSqvO3P,1,0,0,1,0,0,0,0,0,0,0,0,0,0,0
0k0vFacOHNuArLWMiH60p7,1,0,0,1,0,0,0,0,0,0,0,0,0,0,0
6iiAfo4wTA2CVC3Uwx9uh8,1,0,0,1,0,0,0,0,0,0,0,0,0,0,0
6M3Bdl5UtQtmjnYDW69LZQ,,,,,,,,,,,,,,,
35UUpTmrcFXNIVIN26ujXl,0,0,0,0,0,0,1,1,1,0,0,0,0,0,0
4uuEGH5SVuzkkSFjo2DEiY,1,0,0,1,0,0,0,0,0,0,0,0,0,0,0
34V9RiEPe8MNdU32qJsJa1,1,0,0,1,0,0,0,0,0,0,0,0,0,0,0
5RmSunLqeDqNWww8LWhAiK,0,0,0,0,0,0,0,1,0,0,0,0,0,0,0
2kONpeXXK70YEs7c0UQbmq,1,0,1,1,0,0,0,0,0,0,0,0,0,0,0
2dHoVW9AxJVSRebPRyV2aA,,,,,,,,,,,,,,,
2h9TDNEXRhcDIV3fsoEVq9,1,0,1,1,0,0,0,0,0,0,0,0,0,0,0
2r6OAV3WsYtXuXjvJ1lIDi,0,0,0,0,0,0,0,0,0,0,0,0,0,0,0
4PEfJZpVjdclfzZ9XO8uDw,0,0,0,0,0,0,1,1,1,0,0,0,0,0,0
59qrUpoplZxbIZxk6X0Bm3,1,0,1,1,1,0,0,0,0,0,0,0,0,0,0
137mSruegm1u6x9NvwiagR,1,0,0,1,0,0,0,0,0,0,0,1,0,0,0
4HBZA5flZLE435QTztThqH,1,0,1,1,0,0,0,0,0,0,0,0,0,0,0
2kS6td1yvmpNgZTt1q5pQq,0,0,0,0,0,0,0,0,0,0,0,0,0,0,0
0e6NlGJxYlHvAN8SKxad7N,0,0,0,0,0,0,0,0,0,0,0,0,0,0,0
7I8L3vYCLThw2FDrE6LuzE,0,0,0,0,0,0,0,1,0,0,0,0,0,0,0
1LmN9SSHISbtp9LoaR5ZVJ,1,0,0,0,0,0,0,0,0,0,0,0,0,0,0
6I3mqTwhRpn34SLVafSH7G,1,0,0,1,0,0,0,0,0,0,0,1,0,0,0
3T03rPwlL8NVk1yIaxeD8U,1,0,0,1,0,0,0,0,0,0,0,1,0,0,0
0ZLuW8uOXdFNWcI40C0OC2,0,1,0,0,1,0,0,0,0,0,0,0,0,0,0
2WfaOiMkCvy7F5fcp2zZ8L,0,0,0,0,0,0,0,0,0,0,0,0,0,0,0
7D7EH7MGyNHWSkqrszerI1,0,0,0,0,0,0,0,0,0,0,0,0,0,0,0
 ,,,,,,,,,,,,,,,
5KFHrrBMyGj5MhVbZMM3ts,0,0,0,0,0,0,1,0,1,0,0,0,0,0,0
5NU40QTlXrDUJzDBdv79bg,1,0,0,1,0,0,0,0,0,0,0,1,0,0,0
0oaY19dUwZimIgzn3ZZLZO,1,0,0,1,0,0,0,0,0,0,0,1,0,0,0
7k4t7uLgtOxPwTpFmtJNTY,0,0,0,0,0,0,1,0,1,0,0,0,0,0,0
5y7DaS3jAc9eZzcSOoUIwU,0,0,0,0,0,0,1,1,1,0,0,0,0,0,0
2tB9OFgAHjAds3cqquLlvp,1,0,0,1,0,0,0,0,0,0,0,1,0,0,0
5SFXOMJJ334Wn2PwBHeRZN,0,0,0,0,0,0,0,0,0,0,0,0,0,0,0
4FRW5Nza1Ym91BGV4nFWXI,0,1,0,0,1,0,0,0,0,1,0,1,0,0,0
0e6NlGJxYlHvAN8SKxad7N,0,0,0,0,0,0,0,0,0,0,0,0,0,0,0
4Lt6GXGzYsa1tgkv3nGSTm,1,0,1,1,1,0,0,0,0,0,0,0,0,0,0
7aely3H8kMj9o0gt6vXHE1,1,0,0,1,0,0,0,0,0,0,0,1,0,0,0
7MXVkk9YMctZqd1Srtv4MB,1,0,0,0,0,0,0,0,0,0,0,1,0,0,0
15OjBeqNX3bShsGYQbteRv,0,0,0,0,0,0,1,1,1,0,0,0,0,0,0
2nZj5YymF54qhAu7RneVP6,0,0,0,0,0,0,0,0,0,0,0,0,0,0,0
27UcQ6dAvQrgH9C880rCM3,1,0,0,1,0,0,0,0,0,0,0,1,0,0,0
3rLIv187BhjyweFe89SgLn,1,0,0,1,0,0,0,0,0,0,0,1,0,0,0
4Hl9rOqYomojCmxYfr25im,1,0,0,0,0,0,0,0,0,0,0,0,0,0,0
68mrW6gXHgupgSiDHgaDi5,0,0,0,0,0,0,1,1,1,0,0,0,0,0,0
7bPWdJgx8vek7S5i5yAtvG,1,0,0,0,0,0,0,0,0,0,0,0,0,0,0
4RJz8NfIe09gpKMiRUWKhJ,0,0,0,0,0,0,1,0,1,0,0,0,0,0,0
7BIy3EGQhg98CsRdKYHnJC,0,0,0,0,0,0,0,0,0,0,0,0,0,0,0
73nAK3HgQK8dak83Y2WQ8F,0,0,0,0,0,0,0,0,0,0,0,0,0,0,0
7MiZjKawmXTsTNePyTfPyL,0,0,0,0,0,0,0,0,0,0,0,0,0,0,0
4C6BlqqMwjFzOXzqpTeoWR,0,0,0,0,0,0,1,1,1,0,0,0,0,0,0
36CiGk9oRdwTnBDMgKEfjl,1,0,1,1,0,0,0,0,0,0,0,0,0,0,0
5J5CpT6bgE6KYKk23jgp9W,0,0,0,0,0,0,0,0,0,0,0,0,0,0,0
3XoflnowYPFRPOh3uFvHcm,1,0,1,0,0,0,0,0,0,0,0,0,0,1,0
7uoFMmxln0GPXQ0AcCBXRq,1,0,1,0,0,0,0,0,0,0,0,0,0,0,0
2NnJpRXIlx35Vij3bPZO0h,0,0,0,0,1,0,0,0,0,0,0,0,0,0,0
4HYDUMY0xSpeBr0AMY9cUz,0,0,0,0,0,0,1,1,1,0,0,0,0,0,0
1FP9s72rDYty6mfoOEYKnE,1,0,1,0,0,0,0,0,0,0,0,0,0,1,0
3Dv1eDb0MEgF93GpLXlucZ,1,0,1,0,0,0,0,0,0,0,0,0,0,0,0
2ZRo7axmMPeSVUvDbGkJah,0,0,0,0,0,0,0,0,0,0,0,0,0,0,0
6K4t31amVTZDgR3sKmwUJJ,0,0,0,0,0,0,0,0,0,0,0,0,0,0,0
3dhjNA0jGA8vHBQ1VdD6vV,1,0,0,0,0,0,0,0,0,0,0,1,0,0,0
5rZlwNFl01HqLWBQGryKSm,0,0,0,0,0,0,0,0,0,0,0,0,0,0,0
2f0pn9DkEJwAzXApnFh5cr,1,0,0,0,0,0,0,0,0,0,0,0,0,0,0
3pCt2wRdBDa2kCisIdHWgF,0,0,0,0,0,0,0,0,0,0,0,0,0,0,0
4SFknyjLcyTLJFPKD2m96o,0,0,0,0,0,0,0,0,0,0,0,0,0,0,0
2MZrOmrVxRmmOoFW6dhenG,0,1,0,0,1,0,0,0,0,1,0,0,0,0,0
6CAVxdHTkls5loqUmfM52V,,,,,,,,,,,,,,,
17vGPZ5EsdvtgAOCD4FLWI,0,0,0,0,0,0,0,0,0,0,0,0,0,0,0
4O3RwH1TFG1EjPezLIYehI,0,0,0,0,0,0,0,0,0,0,1,0,0,0,0
0ZqHo6eTBHUcOVjZzPvftT,0,0,0,0,0,0,0,0,0,0,0,0,0,0,0
73O30uMI7n6DuzBmbtO7kC,0,0,0,0,0,0,1,1,1,0,0,0,0,0,0
5LYRIyhmlrDAQsYdHEvP0f,0,0,0,0,0,0,0,0,0,0,0,0,0,0,0
7eX3um6NpOQKWJMGCi97XD,0,1,0,0,0,1,0,0,0,0,0,0,0,0,1
11EnQRgRMJwMAesfkB5pnu,0,0,0,0,0,0,0,0,0,0,0,0,0,0,0
6i7zAdNhzUN2k1HcrBxPHG,0,0,0,0,0,0,0,0,0,0,0,0,0,1,0
30bqVoKjX479ab90a8Pafp,0,0,0,0,0,0,0,0,0,0,0,0,0,0,0
2GiJYvgVaD2HtM8GqD9EgQ,1,0,0,0,0,0,0,0,0,0,0,0,0,0,0
6KfoDhO4XUWSbnyKjNp9c4,1,0,0,1,0,0,0,0,0,0,0,0,1,0,0
3SawmGBjjq8EOYZJV11cJm,0,1,0,0,0,0,0,0,0,0,1,0,0,0,0
3eZYOQO4UzKrUDYDghtnFw,1,0,1,1,0,0,0,0,0,0,0,0,0,0,0
5ddFjrPG8NgQQ6xlOQIVd2,0,0,0,0,0,0,0,0,0,0,0,0,0,0,0
5psEZhQu6lukjhavJo4AbC,0,0,0,0,0,0,0,0,0,0,0,0,0,0,0
3GtnId3Cm1Xa6joCj08nzW,0,0,0,0,0,0,1,1,1,0,0,0,0,0,0
696DnlkuDOXcMAnKlTgXXK,0,0,0,0,1,0,0,0,0,0,0,0,0,0,0
0e7ipj03S05BNilyu5bRzt,0,1,0,0,0,0,0,0,0,0,1,0,0,0,0
5gEUDNQvoQjdjklrwPdGwD,0,0,0,0,0,0,0,0,0,0,0,0,0,0,0
5p7ujcrUXASCNwRaWNHR1C,1,0,1,1,0,0,0,0,0,0,0,0,1,0,0
26w9NTiE9NGjW1ZvIOd1So,0,0,0,0,0,0,1,1,1,0,0,0,0,0,0
4umIPjkehX1r7uhmGvXiSV,1,0,0,1,0,0,0,0,0,0,0,1,0,0,0
7B3z0ySL9Rr0XvZEAjWZzM,1,0,0,0,0,0,0,0,0,0,0,0,0,0,0
1HNkqx9Ahdgi1Ixy2xkKkL,1,0,0,0,0,0,0,0,0,0,0,0,0,0,0
 ,,,,,,,,,,,,,,,
6a3kNt1UlUOapDKmEr3JzZ,0,0,0,0,0,0,0,0,0,0,0,0,0,0,0
5UMMPHPp6vRP6ghPpSUOzp,0,1,0,0,1,0,0,0,0,1,0,0,0,0,0
7jjS2fSD9zuzbEHeVEFJ2w,,,,,,,,,,,,,,,
03B2SfXuvDh1m9F4tqrX07,1,0,1,1,0,0,0,0,0,0,0,0,1,0,0
4DuUwzP4ALMqpquHU0ltAB,0,1,0,0,1,0,0,0,0,0,0,0,0,0,0
1nYzjrdVQ8RpF93M0jPFW7,1,0,0,0,0,0,0,0,0,0,0,0,0,0,0
0osvOdeD3YXZiWkT8MKolJ,1,0,1,1,1,0,0,0,0,0,0,0,0,0,0
5ri4zqtWhG07hIuNNDWP76,1,0,0,0,0,0,0,0,0,0,0,0,0,0,0
0JAZWvvqttGFm4UMDsPQXC,0,0,0,0,0,0,1,1,1,0,0,0,0,0,0
5GkQIP5mWPi4KZLLXeuFTT,1,0,1,1,0,0,0,0,0,0,0,0,0,0,0
3HVWdVOQ0ZA45FuZGSfvns,1,0,0,0,0,0,0,0,0,0,0,0,0,0,0
3PF1mUoD0NgK4ykdt5sk3g,,,,,,,,,,,,,,,
78SeXVRJ7KCqVmOwTiFjnI,0,0,0,0,0,0,0,1,0,0,0,0,0,0,0
0GzuHFG4Ql6DoyxFRnIk3F,0,0,0,0,0,0,1,0,1,0,0,0,0,0,0
4ZRrLHqzhGRXYj2qcB4s5S,0,0,0,0,0,0,0,1,0,0,0,0,0,0,0
6sPBi0qLI6KM3yXX56NxsA,,,,,,,,,,,,,,,
0JP9xo3adEtGSdUEISiszL,0,0,0,0,0,0,0,0,0,0,0,0,0,0,0
34gCuhDGsG4bRPIf9bb02f,1,0,0,0,0,0,0,0,0,0,0,0,0,0,0
127QTOFJsJQp5LbJbu3A1y,0,1,0,0,1,0,0,0,0,1,0,1,0,0,0
4frLb7nWtsz2ymBE6k2GRP,1,0,0,0,0,0,0,0,0,0,0,1,0,0,0
62aP9fBQKYKxi7PDXwcUAS,0,0,0,0,0,0,0,0,0,0,0,0,0,0,0
7ygpwy2qP3NbrxVkHvUhXY,0,0,0,0,0,0,0,0,0,0,0,0,0,0,0
3GVkPk8mqxz0itaAriG1L7,0,0,0,0,0,0,0,0,0,0,0,0,0,0,0
43CIWpJaJHRcI4mUSjqgc2,0,0,0,0,0,0,0,0,0,0,1,0,0,0,0
0psS4i5YooJrXfDnGvWRLi,1,0,0,0,0,0,0,0,0,0,0,0,1,0,0
2AceGjiX9isUbXmMZa0Dl1,1,0,1,0,0,0,0,0,0,0,0,0,0,0,0
22VdIZQfgXJea34mQxlt81,1,0,0,0,0,0,0,0,0,0,0,1,0,0,0
1GkHyypTFkUf0QQKwYoXH4,1,0,0,0,1,0,0,0,0,0,0,0,1,0,0
09mEdoA6zrmBPgTEN5qXmN,1,0,0,0,0,0,0,0,0,0,0,1,0,0,0
27ycaQnQAxaPiyeg3nr2aB,1,0,1,1,0,0,0,0,0,0,0,0,0,0,0
4ga4WvRNhMsIL38pkBbnIN,1,0,1,0,0,0,0,0,0,0,0,0,0,1,0
0WSa1sucoNRcEeULlZVQXj,0,0,0,0,0,0,0,0,0,0,0,0,0,0,0
41BzKiCrKpUQHS3TP0jmdr,0,0,0,0,0,0,1,0,1,0,0,0,0,0,0
0QglpM23kl9ldvVdoYNZwF,0,0,0,0,0,0,0,0,0,0,0,0,0,0,0
6bnF93Rx87YqUBLSgjiMU8,1,0,0,0,0,0,0,0,0,0,0,1,0,0,0
3UoULw70kMsiVXxW0L3A33,1,0,1,1,0,0,0,0,0,0,0,0,0,0,0
3EPXxR3ImUwfayaurPi3cm,1,0,0,1,0,0,0,0,0,0,0,0,0,0,0
4aarlAfLKVCTxUDNgbwhjH,1,0,0,0,1,0,0,0,0,0,0,0,0,0,0
6fmQjRuo7XvRFCK2qex5hQ,0,0,0,0,0,0,1,1,0,0,0,0,0,0,0
4hSJUp6k7QeHLxU32MrLIU,0,0,0,0,0,0,0,0,0,0,0,0,0,0,0
6u3CPnFMKANYgfdiifFOiJ,1,1,0,0,0,0,0,0,0,0,0,0,0,0,0
709F3MwiVvLD0LQXeKs5Cz,1,0,1,1,0,0,0,0,0,0,0,0,0,0,0
4Yxc55NX3tAXC2mHRAhtcW,1,0,0,0,0,0,0,0,0,0,0,0,0,0,0
0AUvWawuP0ibk4SQ3sIZjk,1,0,0,0,0,0,0,0,0,0,0,0,1,0,0
3cBsEDNhFI9E82vPj3kvi3,0,0,0,0,0,0,0,0,0,0,0,0,0,0,0
1mohfLaTJtB2RplHLQVM70,0,0,0,0,0,0,1,1,1,0,0,0,0,0,0
73O30uMI7n6DuzBmbtO7kC,0,0,0,0,0,0,1,1,1,0,0,0,0,0,0
3lCbsHaN1wCxyDzcNN2x4N,0,0,0,0,0,0,0,0,0,0,0,0,0,0,0
0SErdEdRcVX1uJCf1eTGYH,0,0,0,0,0,0,0,0,0,0,0,0,0,0,0
1v3lhrZEsOcazqR2QIyyRu,1,0,1,1,0,0,0,0,0,0,0,0,0,0,0
6rLi6PyWXu1rPlShuIZpj6,0,1,0,0,1,0,0,0,0,0,0,0,0,0,0
5hvwx5i67IwnCkjl9VHkNv,1,0,1,1,0,0,0,0,0,0,0,0,0,0,0
6Pgmqg15yVexuOgtzuxwoX,0,0,0,0,0,0,0,0,0,0,0,0,0,0,0
22Sh5dlwbERqJAq1fZk5b2,0,0,0,0,0,0,0,1,0,0,0,0,0,0,0
0sY6ZUTh4yoctD8VIXz339,1,0,0,1,0,0,0,0,0,0,0,0,0,0,0
1IIKrJVP1C9N7iPtG6eOsK,1,1,1,0,1,0,0,0,0,0,0,0,0,0,0
5YSHygGN9D0mID1NsVd5my,0,0,0,0,0,0,0,0,0,0,1,0,0,0,0
4I5bvu2KDsrCg0EWHIcvul,1,0,1,1,0,0,0,0,0,0,0,0,0,1,0
5217tPOJfhVUY8q9TCKHO1,,,,,,,,,,,,,,,
25j0Sape7qZbq6ZPLFefTT,0,0,0,0,0,0,0,0,0,0,0,0,0,0,0
7a53HqqArd4b9NF4XAmlbI,1,0,1,0,0,0,0,0,0,0,0,0,0,0,0
4Ws314Ylb27BVsvlZOy30C,0,0,0,0,0,0,0,0,0,0,0,0,0,0,0
3gD4J3RUHy4OUuZ3qAiaiG,0,0,0,0,0,0,1,1,1,0,0,0,0,0,0
2AlYncTpVHKwHb55F9lF6O,0,0,0,0,0,0,0,0,0,0,0,0,0,0,0
0uRrG2jRR5tuifsYIJHEao,0,0,0,0,0,0,0,0,0,0,0,0,0,0,0
0sKEilrw1GrBlG6qsTCrP4,0,0,0,0,0,0,0,0,0,0,0,0,0,0,0
4obHzpwGrjoTuZh2DItEMZ,0,0,0,0,0,0,0,0,0,0,0,0,0,0,0
26QApq0cuO9brJigr0C0W4,0,0,0,0,0,0,1,1,1,0,0,0,0,0,0
5zj8WNkBrEzlI5FKeYV4ol,0,0,0,0,0,0,1,1,1,0,0,0,0,0,0
1H7KnK26kc1YyellpbINEn,0,0,0,0,0,0,0,0,0,0,0,0,0,0,0
5OELUCYgOHKFAvCERnAvfS,0,0,0,0,0,0,0,0,0,0,0,0,0,0,0
64SCQtbRtmO28ks1QhS3w5,0,0,0,0,0,0,0,0,0,0,0,0,0,0,0
71FrGl0XcpL3VId65tB5mg,0,0,0,0,0,0,0,0,0,0,0,0,0,0,0
4JUPEh2DVSXFGExu4Uxevz,0,0,0,0,0,0,0,0,0,0,0,0,0,0,0
3Z8FwOEN59mRMxDCtb8N0A,1,0,0,0,0,0,0,0,0,0,0,0,0,1,0
3wJVBz7gvGTwTWVAxFa6ny,1,0,1,0,0,0,0,0,0,0,0,0,0,0,0
5yUzqd3H7cmJ1no6B4uTzu,0,0,0,0,0,0,0,0,0,0,0,0,0,0,0
3RaT22zZsxVYxxKR7TAaYF,1,0,0,1,0,0,0,0,0,0,0,0,0,0,0
1Cv1YLb4q0RzL6pybtaMLo,1,0,0,0,0,0,0,0,0,0,0,0,0,0,0
7qmnP8Woc47dLSrMD5MxL1,,,,,,,,,,,,,,,
2dpaYNEQHiRxtZbfNsse99,1,0,0,0,0,0,0,0,0,0,0,0,0,1,0
7hQJA50XrCWABAu5v6QZ4i,0,0,0,0,0,0,0,0,0,0,0,0,0,0,0
2lCkncy6bIB0LTMT7kvrD1,0,0,0,0,0,0,1,0,1,0,0,0,0,0,0
3AV1KI22k1jGMz792lDrj1,0,0,0,0,0,0,0,0,0,0,0,0,0,0,0
30KctD1WsHKTIYczXjip5a,0,1,0,0,1,0,0,0,0,1,0,0,0,0,0
7CHi4DtfK4heMlQaudCuHK,0,0,1,0,0,0,0,0,0,0,0,0,0,1,0
37ZtpRBkHcaq6hHy0X98zn,0,0,0,0,0,0,0,0,0,0,0,0,0,0,0
7bCfHiRcfUjG0YVVNUL7Ve,0,0,0,0,0,0,0,0,0,0,0,0,0,0,0
0bYg9bo50gSsH3LtXe2SQn,1,0,1,0,0,0,0,0,0,0,0,0,0,0,0
2FRnf9qhLbvw8fu4IBXx78,0,0,0,0,0,0,0,0,0,0,0,0,0,0,0
0lizgQ7Qw35od7CYaoMBZb,1,0,1,1,0,0,0,0,0,0,0,0,0,0,0
2EjXfH91m7f8HiJN1yQg97,0,0,0,0,0,0,0,0,0,0,0,0,0,0,0
7vQbuQcyTflfCIOu3Uzzya,,,,,,,,,,,,,,,
5a1iz510sv2W9Dt1MvFd5R,0,0,0,0,0,0,0,0,0,0,0,1,0,0,0
5hslUAKq9I9CG2bAulFkHN,0,0,0,0,0,0,0,0,0,0,0,0,0,0,0
3YZE5qDV7u1ZD1gZc47ZeR,1,0,1,1,0,0,0,0,0,0,0,0,0,0,0
0oPdaY4dXtc3ZsaG17V972,0,0,0,0,0,0,0,0,0,0,0,0,0,0,0
2uFaJJtFpPDc5Pa95XzTvg,0,0,0,0,0,0,0,0,0,0,0,0,0,0,0
4kKdvXD0ez7jp1296JmAts,0,0,0,0,0,0,0,0,0,0,0,0,0,0,0
7xapw9Oy21WpfEcib2ErSA,1,0,0,1,0,0,0,0,0,0,0,1,0,0,0
5ASM6Qjiav2xPe7gRkQMsQ,,,,,,,,,,,,,,,
0247StOpd3AkeBQzANX4Zf,0,0,0,0,0,0,0,0,0,0,0,0,0,0,0
1SV1fxF65n9NhRHp3KlBuu,0,0,0,0,0,0,0,0,0,0,0,0,0,0,0
5PuKlCjfEVIXl0ZBp5ZW9g,0,0,0,0,0,0,0,0,0,0,0,1,0,0,0
27RYrbL6S02LNVhDWVl38b,0,0,0,0,0,0,0,0,0,0,0,0,0,0,0
 ,,,,,,,,,,,,,,,
4PS1e8f2LvuTFgUs1Cn3ON,0,0,0,0,0,0,0,0,0,0,0,0,0,0,0
4so0Wek9Ig1p6CRCHuINwW,0,0,0,0,0,0,0,0,0,0,0,0,0,0,0
1eMNW1HQjF1dbb4GtnmpaX,0,1,0,0,0,1,0,0,0,0,0,0,0,0,1
77khP2fIVhSW23NwxrRluh,0,0,0,0,0,0,0,0,0,0,0,0,0,0,0
3VTNVsTTu05dmTsVFrmGpK,0,0,0,0,0,0,0,0,0,0,0,0,0,0,0
2TE4xW3ImvpltVU0cPcKUn,0,0,0,0,0,0,0,0,0,0,0,0,0,0,0
3QiAAp20rPC3dcAtKtMaqQ,0,0,0,0,0,0,0,0,0,0,0,0,0,0,0
47CIT5hMphuMQkpeyfGQTL,,,,,,,,,,,,,,,
5Gz7EYD7JAmItA7FbhKgKb,,,,,,,,,,,,,,,
0cM5URUqqQTpJWonmdzF1J,1,0,1,0,0,0,0,0,0,0,0,0,1,0,0
2pXpURmn6zC5ZYDMms6fwa,0,0,0,0,0,0,0,0,0,0,0,0,0,0,0
46pF1zFimM582ss1PrMy68,,,,,,,,,,,,,,,
6sBWmE23q6xQHlnEZ8jYPT,0,0,0,0,0,0,0,0,0,0,0,0,0,0,0
5CFJRZRq6sdKKtRwNPWbYv,0,1,0,0,1,0,0,0,0,1,0,0,0,0,0
15k1TDabqSEmyXOwMq9RM7,0,0,0,0,0,0,0,0,0,0,0,0,0,0,0
7GLWWrk1YlkPYqJK3ynIA0,0,0,0,0,0,0,0,0,0,0,0,0,0,0,0
6pVW5LRWgeLaHudxauOTJU,0,0,0,0,0,0,0,0,0,0,0,0,0,0,0
 ,,,,,,,,,,,,,,,
4QVdnpSO5JGMFOEl6ys4RQ,1,0,0,0,0,0,0,0,0,0,0,0,0,0,0
1Qi2wh8fFgDV7tl4Sj3f2K,1,0,1,1,0,0,0,0,0,0,0,0,0,0,0
1N1ZpYUJc9fwrqk53FGgWv,1,0,1,0,0,0,0,0,0,0,0,0,0,0,0
0YWUHZPJVg4iujddsJDwhM,1,0,1,1,0,0,0,0,0,0,0,0,0,0,0
5Q2P43CJra0uRAogjHyJDK,0,0,0,0,0,0,0,0,0,0,0,0,0,0,0
1OjmlSFuzYflWjSMTCyTJv,1,0,1,1,0,0,0,0,0,0,0,0,0,0,0
1QLZKzC2pjP4ySf4ALrNhm,1,0,1,0,0,0,0,0,0,0,0,0,0,0,0
2OQ6a4CfUeYskpTTgyawyJ,1,0,1,1,0,0,0,0,0,0,0,0,0,0,0
6cS9PmLky2NhLOhpIsUlow,0,1,0,0,0,0,0,0,0,1,0,0,0,0,0
5oWFPbd340pwiXKMO1CQRy,,,,,,,,,,,,,,,
1RMDXedcRno6rDBCbNHDJf,0,0,0,0,0,0,0,0,0,0,0,1,0,0,0
0Ie5uiv54KgCr7P4sYDTHl,0,0,0,0,0,0,0,0,0,0,0,0,0,0,0
7dW84mWkdWE5a6lFWxJCBG,1,0,0,1,0,0,0,0,0,0,0,0,0,0,0
15sxLiiChE5dCW3Y756oas,0,0,0,0,0,0,0,0,0,0,0,0,0,0,0
1foCxQtxBweJtZmdxhEHVO,0,0,0,0,0,0,0,0,0,0,0,0,0,0,0
4tHqQMWSqmL6YjXwsqthDI,0,0,0,0,0,0,0,0,0,0,0,0,0,0,0
5BK0uqwY9DNfZ630STAEaq,1,0,0,1,0,0,0,0,0,0,0,0,0,0,0
6Wn9zkkbWdK42uXCcADkRq,,,,,,,,,,,,,,,
0fwxmtpxpMmEMphmJbCAEx,1,0,1,1,0,0,0,0,0,0,0,1,0,0,0
4MrfQL4TYQXJBlZYpAHTuE,0,0,0,0,0,0,0,0,0,0,0,0,0,0,0
6s2wpWPFPAgKg2LXxi1Oee,0,0,0,0,0,0,0,0,0,0,0,0,0,0,0
78pn8k7RogKo2oxl0DyX6d,1,0,1,1,0,0,0,0,0,0,0,0,0,0,0
63Lk6VuXdj7S58R3wLdv9r,,,,,,,,,,,,,,,
2Y0ktCGrGoGcQFXsGztvhi,1,0,1,1,0,0,0,0,0,0,0,0,0,0,0
0lTurWECr2XL607eJAj1A3,1,0,1,1,0,0,0,0,0,0,0,0,0,0,0
2L9QLAhrvtP4EYg1lY0Tnw,0,0,0,0,0,0,0,0,0,0,0,0,0,0,0
7faDzZnZYqTyYThx2sbHVQ,0,0,0,0,0,0,0,0,0,0,0,0,0,0,0
4HEOgBHRCExyYVeTyrXsnL,0,0,0,0,0,0,0,0,0,0,0,0,0,0,0
1Ri9P0ZPrqr6h0REDRdJBd,1,0,1,0,0,0,0,0,0,0,0,0,0,0,0
5aDoUmxBsbdpS16alksb5Z,0,0,0,0,0,0,0,0,0,0,0,0,0,0,0
0HZk0QsXPhMNAWNDR3rYE8,0,0,0,0,0,0,0,0,0,0,0,0,0,0,0
38xhBO2AKrJnjdjVnhJES6,0,0,0,0,0,0,0,0,0,0,0,0,0,0,0
6kkJlaBYdyFcwCg67hW40t,0,0,0,0,0,0,0,0,0,0,0,0,0,0,0
2mvabkN1i2gLnGAPUVdwek,1,0,0,1,0,0,0,0,0,0,0,0,0,0,0
02FaKXXL7KUtRc7K0k54tL,1,0,1,1,0,0,0,0,0,0,0,0,0,0,0
4v9WbaxW8HdjqfUiWYWsII,1,0,1,1,0,0,0,0,0,0,0,0,0,0,0
0PurA4JVJ8YQgSVopY8fn6,1,0,0,1,0,0,0,0,0,0,0,0,0,0,0
3QIoEi8Enr9uHffwInGIsC,0,0,0,0,0,0,0,0,0,0,0,0,0,0,0
2rkb8ijsPapKDMEh0cSe8I,1,0,1,1,0,0,0,0,0,0,0,0,0,0,0
73YUReisjb3A9ActdLLjJQ,1,0,0,1,0,0,0,0,0,0,0,0,0,0,0
19CSr8rwW05VJL2F91KFNK,1,0,0,1,0,0,0,0,0,0,0,0,0,0,0
670fUmXf4KQekzbEgaXyPA,1,0,0,1,0,0,0,0,0,0,0,0,0,0,0
3k7ne7VmH43ZPWxPdvPUgR,1,0,0,1,0,0,0,0,0,0,0,0,0,0,0
3O5osWf1rSoKMwe6E9ZaXP,1,0,0,1,0,0,0,0,0,0,0,0,0,0,0
2o2sgVJIgFXk8GQjWTgI6U,1,0,0,1,0,0,0,0,0,0,0,0,0,0,0
1XjHRolIXL2M1EEOUsGGR4,1,0,0,1,0,0,0,0,0,0,0,0,0,0,0
12ntTeqEeTg7GAVpe8Mhpl,1,0,0,1,0,0,0,0,0,0,0,0,0,0,0
35rdVq36LMHQX0Suw9a6tK,1,0,0,1,0,0,0,0,0,0,0,0,0,0,0
1xzUQMiCoY5pdego0pHMeV,0,1,0,0,1,0,0,0,0,1,0,0,0,0,0
6myUpr3GDR80Dg3zqNTmmG,0,1,0,0,1,0,0,0,0,1,0,0,0,0,0
27oVCAziETRbNuo5A8LNpg,0,1,0,0,1,0,0,0,0,1,0,0,0,0,0
7Hc3YL8oDiAzbiAW32KXrw,0,1,0,0,1,0,0,0,0,1,0,0,0,0,0
2koUj1Fn5TKFEkChSmBPIb,0,1,0,0,1,0,0,0,0,1,0,0,0,0,0
4nuAslShoN77tq12fzwjUq,0,1,0,0,1,0,0,0,0,1,0,0,0,0,0
2n7Ao4nyESBa5ti8gcAbBt,0,1,0,0,1,0,0,0,0,1,0,0,0,0,0
5fROvzNghPid8mbKNDYvpJ,0,0,0,0,0,0,1,1,1,0,0,0,0,0,0
4IIuCotvqijraSdnVLaFnM,0,1,0,0,1,0,0,0,0,1,0,0,0,0,0
2yg7MXp8nSPaf61HVkhEr3,0,1,0,0,1,0,0,0,0,1,0,0,0,0,0
4R2kfaDFhslZEMJqAFNpdd,1,0,0,1,0,0,0,0,0,0,0,0,0,0,0
3uVPLtkmDu8pDkYEAVqbgS,0,0,0,0,0,0,0,0,0,0,1,0,0,0,0
5LZtB6nxvjIhUoElp3Zqk0,1,0,1,1,0,0,0,0,0,0,0,1,0,0,0
7MXgrcOQAJ5VwSNUL0lDd3,1,0,0,0,0,0,0,0,0,0,0,1,0,0,0
2MbdDtCv5LUVjYy9RuGTgC,0,1,0,0,1,1,0,0,0,0,1,0,0,0,0
23XjN1s3DZC8Q9ZwuorYY4,0,0,0,0,0,0,1,1,1,0,0,0,0,0,0
6eVxH9Kyanzrw636zJRPcw,0,1,0,0,0,1,0,0,0,0,0,0,0,0,1
1daDRI9ahBonbWD8YcxOIB,1,0,1,1,0,0,0,0,0,0,0,0,0,0,0
0n2moJpAEWHwaPYYjkzMDl,0,0,0,0,0,0,0,0,0,0,0,0,0,0,0
7aGyRfJWtLqgJaZoG9lJhE,0,0,0,0,0,0,0,0,0,0,0,0,0,0,0
2DEZmgHKAvm41k4J3R2E9Y,0,0,0,0,0,0,1,1,1,0,0,0,0,0,0
67ACYA3UI6QMNtHX6b34wX,0,0,0,0,0,0,1,1,1,0,0,0,0,0,0
2rPHUAeUPbNgTmK18FPTiZ,0,0,0,0,0,0,0,0,0,0,0,0,0,0,0
4JLBDUYSaOMPYND0iWeSWQ,,,,,,,,,,,,,,,
6FuGJB290AQMAHTfjOYVaK,0,0,0,0,0,0,0,0,0,0,0,0,0,0,0
0tjZv2hChdHZCW1zFXpy1J,0,0,0,0,0,0,1,1,1,0,0,0,0,0,0
0Lsis3LB0XAK6XlTHXaJk2,0,0,0,0,0,0,1,1,1,0,0,0,0,0,0
36DHxTW2xdr9GG15T9oK9L,0,0,0,0,0,0,1,1,1,0,0,0,0,0,0
7kjEqI6eZ7YlFrGhxixnlN,0,0,0,0,0,0,1,1,1,0,0,0,0,0,0
5jZ32WOU7sqzDYbzINwMUk,0,0,0,0,0,0,1,1,1,0,0,0,0,0,0
3KJ3opyV29269SXkPrc19l,0,0,0,0,0,0,1,1,1,0,0,0,0,0,0
09WAnxdBuebQopKhJT3oZS,0,0,0,0,0,0,1,1,1,0,0,0,0,0,0
1SV1fxF65n9NhRHp3KlBuu,0,0,0,0,0,0,0,0,0,0,0,0,0,0,0
3QH8rQGNFX8VLbCgZ7uPTS,0,0,0,0,0,0,0,0,0,0,0,0,0,0,0
2FVpOsjT1iquZ3SpCjZ9Ne,0,0,0,0,0,0,0,0,0,0,0,0,0,0,0
54DmTIv86D3sYdiawjULQ0,0,0,0,0,0,0,0,0,0,0,0,0,0,0,0
3ndCsZfq8OVwwkz9mmZvUz,0,0,0,0,0,0,0,0,0,0,0,0,0,0,0
5i7ThJfYLAzp2DyZuFpF6j,1,0,1,1,0,0,0,0,0,0,0,0,0,0,0
2Iv6YBslkxslMJQsxshZh5,0,0,0,0,0,0,1,1,1,0,0,0,0,0,0
6qCsKKS7Ol63SJW3LOIX5R,1,0,1,1,0,0,0,0,0,0,0,0,0,0,0
2tFwfmceQa1Y6nRPhYbEtC,0,0,0,0,0,0,1,1,1,0,0,0,0,0,0
4GVwjLRT7oSsKby7Vy8EHr,0,0,0,0,0,0,0,0,0,0,0,0,0,0,0
3eblNP3Zd5b5J3JaOckl8Y,0,0,0,0,0,0,0,0,0,0,0,0,0,0,0
27u7t9d7ZQoyjsCROHuZJ3,1,0,1,1,0,0,0,0,0,0,0,0,0,1,0
4jcxBTrNvyqMJdMDyyjdYV,0,0,0,0,0,0,0,0,0,0,0,0,0,0,0
3tkYK45AZC0PqJ7MSe6IyJ,0,0,0,0,0,0,0,0,0,0,0,0,0,0,0
2MlOUXmcofMackX3bxfSwi,0,0,0,0,0,0,0,0,0,0,0,0,0,0,0
 ,,,,,,,,,,,,,,,
2GuLouaDNgLGxdJoe0vYf6,0,0,0,0,0,0,0,0,0,0,0,0,0,0,0
6AzKhCHOms83jvNVLsz0Bt,0,0,0,0,0,0,0,0,0,0,0,0,0,0,0
3QCU8BT0zDS9LPVfEhRFEE,0,0,0,0,0,0,0,0,0,0,0,0,0,0,0
6wQlQrTY5mVS8EGaFZVwVF,0,0,0,0,0,0,0,0,0,0,1,0,0,0,0
1XnpzbOGptRwfJhZgLbmSr,0,0,0,0,0,0,0,0,0,0,0,0,0,0,0
4TgxFMOn5yoESW6zCidCXL,0,0,0,0,0,0,0,0,0,0,0,0,0,0,0
4rHZZAmHpZrA3iH5zx8frV,1,0,1,0,0,0,0,0,0,0,0,0,0,0,0
0WXU7I74NEN1DMLIT406Wx,0,0,0,0,0,0,0,0,0,0,0,0,0,0,0
5SWnsxjhdcEDc7LJjq9UHk,0,1,0,0,0,1,0,0,0,1,0,0,0,0,1
57RA3JGafJm5zRtKJiKPIm,1,0,0,0,0,0,0,0,0,0,0,0,0,0,0
2wrJq5XKLnmhRXHIAf9xBa,1,0,0,0,0,0,0,0,0,0,0,0,0,0,0
4lsHZ92XCFOQfzJFBTluk8,0,0,0,0,0,0,0,0,0,0,0,0,0,0,0
34LI7rwi9H8w2S5KTHnv1M,0,0,0,0,0,0,1,1,1,0,0,0,0,0,0
5RqR4ZCCKJDcBLIn4sih9l,0,0,0,0,0,0,0,0,0,0,1,0,0,0,0
0k7wmahjkn389wAZdz19Cv,0,1,0,0,1,1,0,0,0,0,0,0,0,0,1
5f1joOtoMeyppIcJGZQvqJ,0,0,0,0,0,0,0,0,0,0,0,0,0,0,0
6juLaduD4STCUDWT0AYun4,0,0,0,0,0,0,0,0,0,0,0,0,0,0,0
3ThrfRAmijYU098H9q9tAs,0,0,0,0,0,0,0,1,0,0,0,0,0,0,0
6lt8iodSkYWEV0ifKCSlfg,0,1,0,0,1,1,0,0,0,0,0,0,0,0,1
6Juv5N0dNU1imms9c9u1dA,0,0,0,0,0,0,0,0,0,0,0,0,0,0,0
7E1jVNoWuemqUryI4FxsVD,1,0,1,1,0,0,0,0,0,0,0,0,0,0,0
5IUtvfNvOyVYZUa6AJFrnP,1,0,0,0,1,1,0,0,0,1,0,0,0,0,0
76Tuo484SLohJakHLnGI3B,1,0,1,1,0,0,0,0,0,0,0,0,0,0,0
5dn6QANKbf76pANGjMBida,1,0,1,1,1,0,0,0,0,0,0,0,1,0,0
5n6gBhdEjCuj3obgCoTEFD,0,1,0,0,1,1,0,0,0,0,0,0,0,0,1
2gam98EZKrF9XuOkU13ApN,1,0,1,0,1,0,0,0,0,0,0,1,0,0,0
35RJhm1pEovTBwnNR0zWad,0,1,0,0,1,1,0,0,0,1,0,0,0,0,0
7Dx9Z6Aon1qPS2N0rHSWTe,1,0,1,1,0,0,0,0,0,0,0,0,0,0,0
6N22FZs2ZhPBYi3b9XPajV,1,0,0,0,0,0,0,0,0,0,0,0,0,0,0
06s3QtMJVXw1AJX3UfvZG1,0,0,0,0,0,0,1,1,1,0,0,0,0,0,0
4ZLzoOkj0MPWrTLvooIuaa,0,0,0,0,0,0,0,0,0,0,0,0,0,0,0
7o4gBbTM6UBLkOYPw9xMCz,0,1,0,0,0,1,0,0,0,0,0,0,0,0,0
6IBcOGPsniK3Pso1wHIhew,0,0,0,0,0,0,0,0,0,0,0,0,0,0,0
 ,,,,,,,,,,,,,,,
0rKtyWc8bvkriBthvHKY8d,0,0,0,0,0,0,0,0,0,0,0,0,0,0,0
3kml9ZdpT7UYk1ugkjqOzt,0,0,0,0,0,0,1,1,1,0,0,0,0,0,0
3YUMWmx8EJq0DurfuIwoGh,1,0,0,0,0,0,0,0,0,0,0,0,1,0,0
4K8cyoCDovlc4FvtUr2Hfx,0,0,0,0,0,0,1,1,1,0,0,0,0,0,0
14gkWVFMwdxBMyqBw1wmIg,1,0,1,1,0,0,0,0,0,0,0,0,0,0,0
3ko9jEHNt4O5fjKN65ULJp,1,0,1,1,0,0,0,0,0,0,0,0,0,0,0
0sci7ppTZFm4mjcH3nu8yO,1,0,1,1,0,0,0,0,0,0,0,0,0,0,0
13EW51DKru044OJDJ9Bm8o,0,0,0,0,0,0,0,0,0,0,0,0,0,0,0
6C6mUonH6MNdSg5pw7kOc9,0,0,0,0,0,0,0,1,0,0,0,0,0,0,0
19OXtYzrJyCrQvTbfukt4H,0,0,0,0,0,0,1,0,1,0,0,0,0,0,0
2uu2aGqA2UblCg581Q7l1g,0,0,0,0,0,0,1,1,1,0,0,0,0,0,0
4Q34FP1AT7GEl9oLgNtiWj,0,1,0,0,0,1,0,0,0,1,0,0,0,0,1
25zlnOAzbVoOzIeXSvQFf1,0,0,0,0,0,0,0,0,0,0,0,0,0,0,0
6u7gmPOz7pzzaeR9xSBpsR,1,0,1,1,0,0,0,0,0,0,0,0,0,0,0
0q85C1JiECyYIQthz1posA,1,0,1,1,0,0,0,0,0,0,0,0,0,0,0
4evmHXcjt3bTUHD1cvny97,1,0,0,0,0,0,0,0,0,0,0,0,0,0,0
0Snbzbd74RLfL0i4nn1vU5,0,0,0,0,0,0,0,0,0,0,0,0,0,0,0
527k23H0A4Q0UJN3vGs0Da,0,1,0,0,0,1,0,0,0,0,0,0,0,0,0
3zR9JVqHsILrkNyCOqA6jM,,,,,,,,,,,,,,,
2IKJtXeR5UsaUjZB46fTOK,1,0,1,1,0,0,0,0,0,0,0,0,0,0,0
6NYtLvyThMT0oALFdJFdzq,1,0,1,1,0,0,0,0,0,0,0,0,0,0,0
1whfVLMKWqAX3uk97VXsNN,1,0,1,1,0,0,0,0,0,0,0,0,0,0,0
7azo4rpSUh8nXgtonC6Pkq,1,0,0,0,0,0,0,0,0,0,0,0,0,0,0
6Qs4SXO9dwPj5GKvVOv8Ki,1,0,1,1,0,0,0,0,0,0,0,0,0,0,0
5eu4Lxm5TlI0tKSTTDWJAT,0,0,0,0,0,0,0,0,0,0,0,0,0,0,0
1ABS9lKaZ1uXkXCqr9zFO7,1,0,1,1,0,0,0,0,0,0,0,0,0,0,0
2zYzyRzz6pRmhPzyfMEC8s,0,0,0,0,0,0,0,0,0,0,0,0,0,0,0
7e1VoRlNumuEkXlITMHKLE,0,0,0,0,0,0,0,0,0,0,0,0,0,0,0
0xUvi7wldroBzaZCengPa5,0,1,0,0,0,1,0,0,0,0,0,0,0,0,0
35UUpTmrcFXNIVIN26ujXl,0,0,0,0,0,0,1,1,1,0,0,0,0,0,0
4jVBIpuOiMj1crqd8LoCrJ,0,1,0,0,0,0,0,0,0,0,0,0,0,0,0
7iAgNZdotu40NwtoIWJHFe,0,0,0,0,0,0,0,0,0,0,0,0,0,0,0
33gwZOGJWEZ7dRWPqPxBEZ,0,1,0,0,1,1,0,0,0,1,0,0,0,0,0
3e9HZxeyfWwjeyPAMmWSSQ,1,0,1,1,0,0,0,0,0,0,0,0,0,0,0
14wf185UxfNbSy8dwt4r4q,1,0,1,0,1,0,0,0,0,0,0,0,0,0,0
4Gt2kh3QbAGU6yquOWn4aW,1,0,1,1,0,0,0,0,0,0,0,0,1,0,0
6PiO7fUEPKnJfaCQbPrIyg,,,,,,,,,,,,,,,
39Yp9wwQiSRIDOvrVg7mbk,0,0,0,0,1,0,0,0,0,0,0,0,0,0,0
0TUW9faHNaBmi89wsYGp9y,0,0,0,0,0,0,0,1,0,0,0,0,0,0,0
0JmiBCpWc1IAc0et7Xm7FL,1,0,0,0,0,0,0,0,0,0,0,0,0,0,0
4DpNNXFMMxQEKl7r0ykkWA,1,0,0,0,0,0,0,0,0,0,0,0,1,0,0
1sgDyuLooyvEML4oHspNza,1,0,0,0,0,0,0,0,0,0,0,0,0,1,0
1zwMYTA5nlNjZxYrvBB2pV,1,0,0,0,0,0,0,0,0,0,0,0,0,0,0
5DqdesEfbRyOlSS3Tf6c29,1,0,0,0,0,0,0,0,0,0,0,0,0,0,0
2JSmxLqt8h7ZpJJkfuLJvK,,,,,,,,,,,,,,,
7iKDsPfLT0d5mu2htfMKBZ,0,0,0,0,0,0,0,0,0,0,0,0,0,0,0
3QGppKBPd9gHOgHJzRbVIw,0,1,0,0,1,0,0,0,0,1,0,0,0,0,0
205HNJ73cgpC0LAOnuQiWT,0,0,0,0,0,0,0,0,0,0,0,0,0,0,0
7qq0EOPW4RRlqdvMBmdd73,0,0,0,0,0,0,0,0,0,0,0,0,0,0,0
2fTdRdN73RgIgcUZN33dvt,1,0,1,1,0,0,0,0,0,0,0,0,1,0,0
4w47S36wQGBhGg073q3nt7,0,0,0,0,0,0,0,0,0,0,0,0,0,0,0
5EbtodsuLbxrFDH6j5avVS,0,0,0,0,0,0,0,0,0,0,0,0,0,0,0
0SqqAgdovOE24BzxIClpjw,0,0,0,0,0,0,1,1,1,0,0,0,0,0,0
1gxdWpeOUBpvB908fiZs4D,1,0,0,0,0,0,0,0,0,0,0,0,0,0,0
3nS9a01VvXHQriLqJYwRqG,0,1,0,0,0,1,0,0,0,1,1,0,0,0,1
50ZC4PM7hywH27RcCfViau,0,0,0,0,0,0,0,1,0,0,0,0,0,0,0
6J2LdBN97cDWn0MLxYh9HB,1,0,1,1,0,0,0,0,0,0,0,0,0,0,0
4Of7rzpRpV1mWRbhp5rAqG,1,0,0,0,0,0,0,0,0,0,0,0,0,0,0
3b7trEcKoglybN5MxGuSaw,0,0,0,0,0,0,0,0,0,0,0,0,0,0,0
4nK5YrxbMGZstTLbvj6Gxw,1,0,0,0,0,0,0,0,0,0,0,0,0,0,0
6pcywuOeGGWeOQzdUyti6k,0,1,0,0,0,1,0,0,0,1,0,0,0,0,1
1dLXLETYiZohIZWnse4ypG,1,0,1,1,0,0,0,0,0,0,0,0,0,0,0
1VSuFS7PahCN3SWbOcQ98m,0,0,0,0,1,0,0,0,0,0,0,0,0,0,0
4xWzZmX4K1yyrdtRfbUvjt,0,0,0,0,0,0,0,0,0,0,0,0,0,0,0
7lUdbnz7wsv3C9zzf4WHl9,0,0,0,0,0,0,1,1,1,0,0,0,0,0,0
6XHVuErjQ4XNm6nDPVCxVX,1,1,1,0,1,0,0,0,0,0,0,0,0,0,0
3ruoIF2UnoXdzK8mR61ebq,0,1,0,0,0,1,0,0,0,1,0,0,0,0,1
3CDVMejYHnB1SkEEx0T1N4,0,1,0,0,0,1,0,0,0,1,0,0,0,0,1
7fxSLnklnayJNBIKntXedZ,0,1,0,0,0,1,0,0,0,1,0,0,0,0,1
4SCnCPOUOUXUmCX2uHb3r7,1,1,0,0,1,1,0,0,0,0,0,0,0,0,0
42Tohunwlh34o0mgxYx5iq,0,1,0,0,0,1,0,0,0,1,0,0,0,0,1
3WaDoMDQRqDdgtCDLxanpN,0,1,0,0,0,1,0,0,0,1,0,0,0,0,1
4V9ynsDPwHtdItksqjuRu0,0,1,0,0,0,1,0,0,0,1,0,0,0,0,1
5sBplhIrmzA4kQGyIOpmDf,0,1,0,0,1,1,0,0,0,0,0,0,0,0,0
6Vgtvd7I5yopJdBuxqjBd2,0,0,0,0,0,0,0,0,0,0,0,0,0,0,0
50I7FNN2rl2rWiNwGxS146,0,1,0,0,0,1,0,0,0,1,0,0,0,0,1
6fMzgFFGzWCwiHMzDzNpp5,0,0,0,0,0,0,0,0,0,0,0,0,0,0,0
1wGnp7ejkCuXRsehXx0PNP,0,1,0,0,0,1,0,0,0,1,0,0,0,0,1
7FtZFla3ZH6PqsAJ9MvVCM,0,1,0,0,0,1,0,0,0,1,0,0,0,0,1
2hfoyc7ve6xM4ZEiNIiU1B,0,0,0,0,0,0,0,0,0,0,0,0,0,0,0
7xcUWyLh6fIMsYjoVI7NnZ,0,0,0,0,0,0,0,0,0,0,0,0,0,0,0
6Ed1q0X8oSKSm4IIhiQbYg,0,0,0,0,0,0,0,0,0,0,0,0,0,0,0
170DNUSnQRp1tGpppF26pA,0,0,0,0,0,0,0,0,0,0,0,0,0,0,0
6mADjHs6FXdroPzEGW6KVJ,0,0,0,0,1,0,0,0,0,0,0,0,0,0,0
5SjtAe7xzUgHDtNTmt8zS7,0,0,0,0,0,0,0,0,0,0,0,0,0,0,0
5E7p95xh9Ul4vZp4LEoJwi,0,0,0,0,0,0,0,0,0,0,0,0,0,0,0
3xaugmCyXrVkrDTXbFkMW3,0,0,0,0,0,0,0,0,0,0,0,0,0,0,0
7JDWhC422Gtk1Bq0mL3OTC,1,0,1,1,1,0,0,0,0,0,0,0,1,0,0
4Hpib09wXgD84w4uwTPnYD,1,0,1,0,1,0,0,0,0,0,0,0,0,0,0
0f1G5SHFoFC9lO03gHCGVS,0,0,0,0,0,0,0,0,0,0,0,0,0,0,0
6zvqq50PL7io0rprbkrYc9,0,0,0,0,0,0,0,0,0,0,0,0,0,0,0
 ,,,,,,,,,,,,,,,
58AGoOGbwsQMhBbH0eFLRR,1,0,1,0,0,0,0,0,0,0,0,0,0,0,0
0ada5XsQGLPUVbmTCkAP49,0,0,0,0,0,0,0,0,0,0,1,0,0,0,0
3k0YJnqMKRZb8swo86vCkq,0,0,0,0,1,0,0,0,0,0,0,0,0,0,0
7gwwt1IaAWwmB7af0AcuBM,0,0,0,0,0,0,0,1,0,0,0,0,0,0,0
2MbdDtCv5LUVjYy9RuGTgC,0,1,0,0,1,1,0,0,0,0,1,0,0,0,0
2HbKqm4o0w5wEeEFXm2sD4,0,1,0,0,0,0,0,0,0,1,0,0,0,0,0
2rFsFjq0D9JAmc0APpCO6P,0,1,0,0,1,1,0,0,0,0,0,0,0,0,0
2grjqo0Frpf2okIBiifQKs,0,0,0,0,0,0,0,0,0,0,0,0,0,0,0
66W1rVTnEv86dIkFhoiElg,0,0,1,0,0,0,0,0,0,0,0,0,0,1,0
3JKgcAa7r07ocVWcV8bS0H,0,0,0,0,0,0,0,0,0,0,0,0,0,0,0
1VBt9dPtYfLnVeKaa6CQPr,0,0,0,0,0,0,0,0,0,0,0,0,0,0,0
6vw0mOQ5vm3C5RPm7Rvl2w,0,0,0,0,0,0,0,0,0,0,0,0,0,0,0
4pvb0WLRcMtbPGmtejJJ6y,1,0,0,1,0,0,0,0,0,0,0,0,0,0,0
5dOxHHMOFAbG3VH23t0xNm,0,0,0,0,0,0,0,0,0,0,1,0,0,0,0
4K06PO78fW4mnBVenxGNob,0,0,0,0,0,0,0,0,0,0,1,0,0,0,0
77Xwqkw7VrV8E5FCq9JhO8,0,1,0,0,0,1,0,0,0,0,1,0,0,0,0
4wVOKKEHUJxHCFFNUWDn0B,0,1,0,0,1,0,0,0,0,1,0,1,0,0,0
4NhDYoQTYCdWHTvlbGVgwo,0,1,0,0,0,0,0,0,0,0,0,0,0,0,0
3AzjcOeAmA57TIOr9zF1ZW,1,0,1,0,0,0,0,0,0,0,0,0,0,0,0
00ETaeHUQ6lops3oWU1Wrt,1,0,0,0,0,0,0,0,0,0,0,0,0,1,0
1Pmp486RrLRkaEkE3HFHXP,1,0,1,0,0,0,0,0,0,0,0,0,0,0,0
7DnAm9FOTWE3cUvso43HhI,1,0,1,0,0,0,0,0,0,0,0,0,0,0,0
5cpJFiNwYyWwFLH0V6B3N8,0,0,0,0,0,0,1,1,1,0,0,0,0,0,0
7Bar1kLTmsRmH6FCKKMEyU,1,0,0,0,1,0,0,0,0,0,0,0,0,0,0
2ST72jD2KVe7f3fbcGyX1b,1,0,0,0,0,0,0,0,0,0,0,0,0,0,0
5oI9blwsXC8AkTWw6wASY8,0,0,0,0,0,0,0,0,0,0,0,0,0,0,0
0y8mJFmm4ogCHnfe0oTuT6,0,0,0,0,0,0,0,0,0,0,0,0,0,0,0
1bRpSCFv6P2OUhciByeRYR,0,0,0,0,0,0,1,1,1,0,0,0,0,0,0
6gxKUmycQX7uyMwJcweFjp,0,1,0,0,0,1,0,0,0,0,0,0,0,0,1
4aZfvvgfoSfmSZpfwQYzC0,0,0,0,0,0,0,0,0,0,0,0,0,0,0,0
7ywzEdEuVG1lsjsRCGJfLy,1,0,1,1,0,0,0,0,0,0,0,0,0,0,0
78qd8dvwea0Gosb6Fe6j3k,1,0,1,0,0,0,0,0,0,0,0,0,0,0,0
6NJfIydBMYrXvlaXsFxmc8,0,0,0,0,0,0,0,0,0,0,0,0,0,0,0
7C1trmcQQ5n5RNy4l6ziCv,0,0,0,0,0,0,0,0,0,0,0,0,0,0,0
5v4GgrXPMghOnBBLmveLac,1,0,1,1,0,0,0,0,0,0,0,0,0,0,0
4VLTxHOyFX5FRtkpsFm5Pc,0,1,0,0,1,1,0,0,0,1,0,0,0,0,0
5woaU1FNkqCwg6WzWiQPW5,1,0,1,0,1,0,0,0,0,0,0,0,0,0,0
4ecVWqbtW6phQGpZMAyqIU,0,0,0,0,0,0,0,0,0,0,0,0,0,0,0
551xyaSJsg8hILXFq9JdST,0,1,0,0,0,0,0,0,0,0,0,0,0,0,0
3eJMSq78dDaFb7VvhNFnq6,0,0,0,0,0,0,1,0,1,0,0,0,0,0,0
2u6Jm2klS4yvAlbSHlxUwI,1,0,1,0,0,0,0,0,0,0,0,0,0,1,0
2V4Fx72svQRxrFvNT1eq5f,0,0,0,0,0,0,0,0,0,0,0,0,0,0,0
4zGtfOglDBfVUypabBwIjQ,0,0,0,0,0,0,0,0,0,0,0,0,0,0,0
4ja2gzrNh9VNigzoXfmbwD,1,0,0,0,0,0,0,0,0,0,0,0,0,0,0
0Jlcvv8IykzHaSmj49uNW8,1,0,0,1,0,0,0,0,0,0,0,0,0,0,0
6cy3ki60hLwimwIje7tALf,1,0,1,0,1,0,0,0,0,0,0,0,0,0,0
7mrWTjhYctgEQb0lJKrVWy,0,0,0,0,0,0,0,0,0,0,0,0,0,0,0
3Be7CLdHZpyzsVijme39cW,1,0,0,0,0,0,0,0,0,0,0,0,0,1,0
43WYPxyEfIxlIjNlxQGYzc,1,0,1,1,0,0,0,0,0,0,0,0,0,0,0
0dZpw3h6KZhcHec61qwevZ,0,0,0,0,0,0,0,0,0,0,0,0,0,0,0
0mb3uDw5vfFUcZfJYFOMRu,0,1,0,0,1,1,0,0,0,1,0,0,0,0,0
6gi6y1xwmVszDWkUqab1qw,0,1,0,0,0,1,0,0,0,0,0,0,0,0,0
5iw28wvyHgj4ppOu5AdcEU,0,0,0,0,0,0,1,1,1,0,0,0,0,0,0
6yVkakCN460KOVol9ZazjH,0,0,0,0,0,0,1,1,1,0,0,0,0,0,0
6R6ZoHTypt5lt68MWbzZXv,1,0,1,1,0,0,0,0,0,0,0,0,0,0,0
40TPiJpvwGIyvPjJMDTKfy,0,0,0,0,0,0,0,0,0,0,0,0,0,0,0
6Gg1gjgKi2AK4e0qzsR7sd,0,0,0,0,0,0,0,0,0,0,1,0,0,0,0
0eeKDrQxjqNl5bX5VCHDcn,0,0,0,0,0,0,1,1,1,0,0,0,0,0,0
02kDW379Yfd5PzW5A6vuGt,0,1,0,0,1,1,0,0,0,0,0,0,0,0,0
1ddbNJwDjjmCYz1GFGYnsw,0,0,0,0,0,0,0,0,0,0,0,0,0,0,0
2QyuXBcV1LJ2rq01KhreMF,0,0,0,0,0,0,0,0,0,0,0,0,0,0,0
2KoHxhRyWxJzA0VafWd5Nk,1,0,1,1,0,0,0,0,0,0,0,0,0,0,0
5wWAwzGp2OaaoIkwcz6wZs,0,0,0,0,0,0,0,0,0,0,1,0,0,0,0
5PwAiSk3ufe0YwOHRFPHEG,,,,,,,,,,,,,,,
6bM4daGlfZHtKMQp8tEqVz,0,0,0,0,0,0,0,0,0,0,0,0,0,0,0
3hUxzQpSfdDqwM3ZTFQY0K,1,0,0,1,0,0,0,0,0,0,0,0,0,0,0
0CF1RH8dQKuK2lQPSQw2lZ,1,0,0,0,1,0,0,0,0,0,0,0,1,0,0
3QzAOrNlsabgbMwlZt7TAY,0,1,0,0,1,1,0,0,0,1,0,0,0,0,0
3Ys2PYl1wyPKQIwyqhP9cQ,0,0,0,0,0,0,0,0,0,0,0,0,0,0,0
1EzrEOXmMH3G43AXT1y7pA,1,0,0,0,0,0,0,0,0,0,0,0,0,0,0
2iUXsYOEPhVqEBwsqP70rE,1,0,1,1,0,0,0,0,0,0,0,0,1,0,0
2Eeur20xVqfUoM3Q7EFPFt,1,0,0,1,0,0,0,0,0,0,0,0,0,0,0
0pk1hxhJLBSZZ5RKBhcwOa,1,0,1,0,0,0,0,0,0,0,0,0,0,0,0
1MgV7FIyNxIG7WzMRJV5HC,1,0,0,1,0,0,0,0,0,0,0,0,0,0,0
0qg0GJp7HSewRCVPP4fKGk,0,0,0,0,0,0,0,0,0,0,0,0,0,0,0
2QqJTIlGKRLJC3onkavYEz,0,0,0,0,0,0,0,0,0,0,0,0,0,0,0
4slSrbTK1sNK4I1mDYEthf,0,0,0,0,0,0,0,0,0,0,0,0,0,0,0
4OENnoidV0h8gJV6bhrw7r,0,0,0,0,0,0,0,0,0,0,0,0,0,0,0
1nYeVF5vIBxMxfPoL0SIWg,1,0,1,0,0,0,0,0,0,0,0,0,0,0,0
4SJHHpKhcuXwDsCsPqshXj,0,0,0,0,0,0,0,1,0,0,0,0,0,0,0
5DV4ZSCqbFv74ui3ZhimXo,1,0,1,1,1,0,0,0,0,0,0,0,0,0,0
65RWVU6N81CeH65nu52K1U,0,0,0,0,0,0,0,0,0,0,0,0,0,0,0
51Of5p3lKZeOg6itfs4og4,0,0,0,0,0,0,0,0,0,0,0,0,0,1,0
6VsvKPJ4xjVNKpI8VVZ3SV,1,0,0,1,0,0,0,0,0,0,0,0,0,0,0
6oJ6le65B3SEqPwMRNXWjY,1,0,0,0,0,0,0,0,0,0,0,0,0,1,0
52zq2a71SGs3f1vJuv59ui,0,0,0,0,0,0,0,0,0,0,0,0,0,0,0
4cSSL3YafYjM3yjgFO1vJg,0,1,0,0,0,1,0,0,0,0,1,0,0,0,0
7xQAfvXzm3AkraOtGPWIZg,0,1,0,0,0,0,0,0,0,0,1,0,0,0,0
0ZNU020wNYvgW84iljPkPP,1,0,0,1,0,0,0,0,0,0,0,0,0,0,0
6KJqZcs9XDgVck7Lg9QOTC,1,0,0,1,0,0,0,0,0,0,0,0,0,0,0
7kt9e9LFSpN1zQtYEl19o1,1,0,0,1,0,0,0,0,0,0,0,0,0,0,0
5kI4eCXXzyuIUXjQra0Cxi,1,0,0,1,0,0,0,0,0,0,0,0,0,0,0
2T5NBwKRySiCR78vVk08vr,0,1,0,0,0,0,0,0,0,0,0,0,0,0,0
2NmsngXHeC1GQ9wWrzhOMf,1,0,0,1,0,0,0,0,0,0,0,0,0,0,0
3aA6xB0tOilDDX17fIJ0Bl,1,0,1,0,0,0,0,0,0,0,0,0,0,0,0
41xKiK40e7MFu1bqcGSz1d,0,1,0,0,0,0,0,0,0,0,0,0,0,0,0
2WRTnY0slmFgWcrmEr8dPj,0,0,0,0,0,0,0,0,0,0,0,0,0,0,0
3bXiWZWR3CoZbhcsqfsMNa,0,0,1,0,0,0,0,0,0,0,0,0,0,1,0
55CHeLEfn5iJ0IIkgaa4si,1,0,0,0,1,0,0,0,0,0,0,0,0,0,0
2QDyYdZyhlP2fp79KZX8Bi,1,0,0,1,0,0,0,0,0,0,0,0,0,0,0
08fa9LFcFBTcilB3iq2e2A,1,0,0,1,0,0,0,0,0,0,0,0,0,0,0
7MbT4I8qGntX4fMdqMQgke,1,0,0,1,0,0,0,0,0,0,0,0,0,0,0
13v5IXnvO2BccWwOx5rb4s,0,1,0,0,1,1,0,0,0,1,0,0,0,0,0
4CyCHkhRsDXUeP5K4Y3xjU,0,0,0,0,0,0,0,0,0,0,0,0,0,0,0
7idxewQZ24F0gQy2EWE6Ug,0,0,0,0,0,0,0,0,0,0,0,0,0,0,0
0Tcw8w9pvPrZoORgxsNASW,0,1,0,0,1,1,0,0,0,0,0,0,0,0,1
6MWoRt97mnSTXZhu3ggi9C,1,0,0,1,0,0,0,0,0,0,0,0,0,0,0
0fCwrjKfWxF3xQhZrYUw4T,0,0,0,0,0,0,0,0,0,0,1,0,0,0,0
3GZd1aDsgKL71Kt3VIp0hc,0,0,0,0,0,0,0,0,0,0,0,0,0,0,0
6zEgnpM0qYmHLDnh8WPejL,0,0,0,0,0,0,1,0,1,0,0,0,0,0,0
4QfZYDhGZc0T2RDvGiI69E,0,0,0,0,0,0,1,1,1,0,0,0,0,0,0
4ZRrLHqzhGRXYj2qcB4s5S,0,0,0,0,0,0,0,1,0,0,0,0,0,0,0
3Q5cLvkKsHJvYltf8k7HkO,1,0,0,0,1,1,0,0,0,1,0,0,0,0,0
3mQ6SLdxxaL52Yte7KF2Ks,0,0,0,0,0,0,1,0,1,0,0,0,0,0,0
6pFTDHGJtKOxrQ85xRZ8Ue,,,,,,,,,,,,,,,
1ZvBVbsaNqHEP6ymXaPGlj,0,1,0,0,0,0,0,0,0,1,0,0,0,0,0
5PAAUJTKLT0nCmHUlLdPXb,0,0,0,0,0,0,0,0,0,0,0,0,0,0,0
3jlxX3VXPiY3lvBBbppQD3,0,0,0,0,0,0,0,0,0,0,0,0,0,0,0
21CkzgKCBCq5V4XKjiGSIj,0,0,0,0,0,0,0,0,0,0,1,0,0,0,0
4cluDES4hQEUhmXj6TXkSo,1,0,0,1,0,0,0,0,0,0,0,0,0,0,0
6du77YHyGWoFjbuHCFBHU3,0,0,0,0,0,0,0,0,0,0,0,0,0,0,0
5JAYDuLRkODlVt6dgoalKk,0,0,0,0,0,0,0,0,0,0,1,0,0,0,0
7d94IqWX2UmSKMGUYSGFJG,0,0,0,0,0,0,0,0,0,0,1,0,0,0,0
1YM6c2sxbf2Jacl9IFgn4I,0,0,0,0,0,0,0,0,0,0,1,0,0,0,0
2alc8VZAzDgdAsL2QMk3hu,0,0,0,0,0,0,0,0,0,0,0,0,0,0,0
44gRhRi2OhEf7moAUj6MD1,0,1,0,0,0,1,0,0,0,0,0,0,0,0,1
4nVBt6MZDDP6tRVdQTgxJg,1,0,0,1,0,0,0,0,0,0,0,0,0,0,0
24FR8mXTaiGZPrxnkf1kcP,0,1,0,0,1,0,0,0,0,1,0,0,0,0,0
0XkmeG97T4mtYlWRJcrxec,0,0,0,0,0,0,0,0,0,0,1,0,0,0,0
7pbg3ABlAZv2NiIdKbBBFm,0,0,0,0,0,0,0,0,0,0,1,0,0,0,0
7AvprzMsRJpybaalckaT8c,0,0,0,0,0,0,0,0,0,0,1,0,0,0,0
0440JCJyIAmINA8KcYgFb5,0,0,0,0,0,0,0,0,0,0,1,0,0,0,0
4PPLJAEYBSOcnzr9TZoqf9,0,0,0,0,0,0,0,0,0,0,1,0,0,0,0
4F6YLjakjqWFTgC5qfEwPQ,0,0,0,0,0,0,0,0,0,0,1,0,0,0,0
7MN8RYSofZsFROBlEOAzXq,0,0,0,0,1,0,0,0,0,0,1,0,0,0,0
2SVx3uds6jTWALFxevIWMA,0,0,0,0,0,0,0,0,0,0,1,0,0,0,0
1lOe9qE0vR9zwWQAOk6CoO,0,1,0,0,0,1,0,0,0,0,1,0,0,0,0
3JHpk0DOTOzyh0777JFAky,0,0,0,0,0,0,0,1,0,0,0,0,0,0,0
5Hkj1XjMJv5QCGc9NwZm6z,0,0,0,0,0,0,0,0,0,0,0,0,0,0,0
6NfrH0ANGmgBXyxgV2PeXt,0,0,0,0,0,0,1,1,1,0,0,0,0,0,0
3dVvWnj4D8JGkKvo6Hucso,0,1,0,0,0,0,0,0,0,0,0,0,0,0,0
2YpeDb67231RjR0MgVLzsG,0,0,0,0,1,0,0,0,0,0,0,0,0,0,0
38iBrrbbXyWaSPkmuDNgjZ,0,1,0,0,1,0,0,0,0,1,0,0,0,0,0
2ksOAxtIxY8yElEWw8RhgK,0,0,0,0,0,0,1,1,1,0,0,0,0,0,0
5stPVcRqb4qixbafP9e8lt,0,0,0,0,0,0,1,1,1,0,0,0,0,0,0
3wYRLYuO1M88d8woWUIxct,0,0,0,0,0,0,1,1,1,0,0,0,0,0,0
41L3O37CECZt3N7ziG2z7l,1,0,0,1,0,0,0,0,0,0,0,1,0,0,0
07KXEDMj78x68D884wgVEm,0,1,0,0,0,1,0,0,0,0,1,0,0,0,0
4EivmOT13NMpNSfTKn9p4s,1,0,1,0,0,0,0,0,0,0,0,0,0,0,0
0t3ZvGKlmYmVsDzBJAXK8C,0,1,0,0,0,0,0,0,0,0,1,0,0,0,0
6Ozh9Ok6h4Oi1wUSLtBseN,0,1,0,0,0,0,0,0,0,0,0,0,0,0,0
7sQKy5vlPQllr0k9IjYJv3,0,0,0,0,0,0,1,1,1,0,0,0,0,0,0
02XcRGWPkvomFvzTamEKHg,0,0,0,0,0,0,0,0,0,0,1,0,0,0,0
1OjiYjgPZyxS0AiXiSnuYI,0,0,0,0,0,0,0,0,0,0,1,0,0,0,0
4sjdZEEQvR1sXrRNSuBfbA,0,0,0,0,0,0,0,0,0,0,1,0,0,0,0
7jMMoHhgq6iwVT5ykyxsJt,0,0,0,0,0,0,0,0,0,0,0,0,0,0,0
7mEUjhl6aTztdHCrxoTgBG,0,1,0,0,0,0,0,0,0,0,0,0,0,0,0
1hg3RlqFZXJb5YgRoK9qmF,0,0,0,0,0,0,0,0,0,0,0,0,0,0,0
6c1QaQHdDhtFMfUkhueuXK,0,0,0,0,0,0,0,0,0,0,0,0,0,0,0
6EfBMJQwe2xLgldra6DaYp,0,1,0,0,0,0,0,0,0,0,0,0,0,0,0
7mcdgAXmb35dakBnfDIv3q,0,0,0,0,0,0,1,1,1,0,0,0,0,0,0
3H3r2nKWa3Yk5gt8xgmsEt,1,0,1,1,0,0,0,0,0,0,0,0,0,0,0
71d7LaAgPcNcUopu3OzmP7,0,0,0,0,0,0,0,0,0,0,0,0,0,0,0
51Fjme0JiitpyXKuyQiCDo,0,0,0,0,1,0,0,0,0,0,0,0,0,0,0
5kkaSMcf4BFlhRRICCKZb6,0,0,0,0,0,0,0,0,0,0,0,0,0,0,0
6O7fPYTsb2mY0PiFt2ymDB,0,0,0,0,0,0,0,0,0,0,0,0,0,0,0
7sjFIZ1g5QLJLGja3k592K,0,0,0,0,0,0,0,0,0,0,0,0,0,0,0
3eV2WT9YhfzkxbufnBF8wK,0,0,0,0,0,0,0,0,0,0,0,0,0,0,0
0bjgQ24UZGwKikldIyEOgf,0,0,0,0,0,0,0,0,0,0,0,0,0,0,0
3NWrHCwvyII4fTx05PN3IO,0,0,0,0,0,0,0,0,0,0,0,0,0,0,0
4OGIeHtYhRTJ8iW21UUyZW,0,0,0,0,0,0,0,0,0,0,0,0,0,0,0
2FhEj9lvEIaJihjFprRrGt,0,0,0,0,0,0,0,0,0,0,0,0,0,0,0
1JDhNQ0oOT7XpclZn3aQ8F,0,0,0,0,0,0,0,0,0,0,0,0,0,0,0
2AlYncTpVHKwHb55F9lF6O,0,0,0,0,0,0,0,0,0,0,0,0,0,0,0
5QZKcQDp0tCcvMdyqEciBV,0,1,0,0,1,1,0,0,0,0,1,0,0,0,0
2SxR5RitJdsG6wINvJLBSD,0,0,0,0,0,0,0,0,0,0,0,0,0,0,0
41wtwzCZkXwpnakmwJ239F,0,0,0,0,0,0,1,1,1,0,0,0,0,0,0
4iHSE5R1U8jf84tRn52xRt,0,0,0,0,1,0,0,0,0,0,1,0,0,0,0
4R8BJggjosTswLxtkw8V7P,0,0,0,0,0,0,1,1,1,0,0,0,0,0,0
7kOf0qHO4Rcwk6QJifZDRJ,0,0,0,0,0,0,1,1,1,0,0,0,0,0,0
1zB4vmk8tFRmM9UULNzbLB,1,0,0,0,0,0,0,0,0,0,0,0,0,0,0
74j34STf8L6uADnTN69ohv,0,0,0,0,0,0,0,1,0,0,0,0,0,0,0
7dt6x5M1jzdTEt8oCbisTK,0,1,0,0,0,0,0,0,0,0,1,0,0,0,0
4bHsxqR3GMrXTxEPLuK5ue,0,0,0,0,0,0,0,0,0,0,0,0,0,0,0
2qzUpSVI4NnPyWxbXwumTj,1,0,1,1,0,0,0,0,0,0,0,0,0,0,0
0p3euGPg5LgFeQGC7bBFuR,0,0,0,0,0,0,0,0,0,0,0,0,0,0,0
2o2p9xH3bkSDLcp6phIF4J,,,,,,,,,,,,,,,
4uqh9bualXNHXXwO2wPorc,1,0,1,1,0,0,0,0,0,0,0,0,0,0,0
7ge7BHazYbVKi8qyZUX1Bm,0,1,0,0,0,1,0,0,0,0,0,0,0,0,1
56uXDJRCuoS7abX3SkzHKQ,0,1,0,0,0,1,0,0,0,0,1,0,0,0,0
3omvXShuRPM3zbDpWYqf5g,0,0,0,0,0,0,0,0,0,0,0,0,0,0,0
6WbTTAGKrQtCQvmc5BuYfh,1,0,0,0,1,0,0,0,0,0,0,0,0,0,0
5OxclJsdFESni44YlpNpkR,0,0,0,0,0,0,0,0,0,0,0,0,0,0,0
22vgEDb5hykfaTwLuskFGD,1,0,1,1,0,0,0,0,0,0,0,0,0,0,0
2P91MQbaiQOfbiz9VqhqKQ,1,0,1,1,0,0,0,0,0,0,0,0,1,0,0
1rqqCSm0Qe4I9rUvWncaom,0,0,0,0,0,0,0,0,0,0,0,0,0,0,0
5ry2OE6R2zPQFDO85XkgRb,0,1,0,0,1,0,0,0,0,1,0,1,0,0,0
11VApNQCWLJdzxWrlmwzUa,1,0,1,0,0,0,0,0,0,0,0,0,0,0,0
3n6TeHSnNhDe991nJS2S90,,,,,,,,,,,,,,,
0TrPqhAMoaKUFLR7iYDokf,1,0,0,0,0,0,0,0,0,0,0,0,0,0,0
7AzlLxHn24DxjgQX73F9fU,0,1,0,0,0,1,0,0,0,0,0,0,0,0,0
5CqkgDH8QZjSqqI3HmYxDD,0,0,0,0,0,0,0,0,0,0,0,0,0,0,0
6hvczQ05jc1yGlp9zhb95V,0,0,0,0,0,0,0,0,0,0,0,0,0,0,0
4jAIqgrPjKLTY9Gbez25Qb,1,0,0,1,0,0,0,0,0,0,0,0,0,0,0
4l0Mvzj72xxOpRrp6h8nHi,1,0,1,1,0,0,0,0,0,0,0,0,0,0,0
6V1bu6o1Yo5ZXnsCJU8Ovk,1,0,0,0,0,0,0,0,0,0,0,0,0,0,0
5XqCz18k96K8tx6DAYM97i,0,0,0,0,0,0,1,1,1,0,0,0,0,0,0
6q2uIyLqASSpv2SIv2ehWK,0,1,1,0,1,1,0,0,0,1,0,0,0,0,0
2WOJ7D52Ng3myrKlEf4Azj,0,0,0,0,0,0,0,0,0,0,0,0,0,0,0
4KfL3Ne8bc9bC2PUB8QGwA,0,0,0,0,0,0,0,0,0,0,0,0,0,0,0
2hDe0Ls5mVqs1XJqv7sbcM,0,0,0,0,0,0,1,1,1,0,0,0,0,0,0
5XzombolzpiaOSTdj1W0VS,0,1,0,0,1,1,0,0,0,0,1,0,0,0,0
1oOEkBNp4zWnkD7nWjJdog,0,1,0,0,0,0,0,0,0,1,0,0,0,0,0
0KBwGCY9RYD9t2zjeW4h48,0,0,0,0,0,0,0,0,0,0,0,0,0,0,0
61ZM92T2zaXIVsqncThQzC,1,0,1,0,0,0,0,0,0,0,0,0,0,1,0
1zPwSOUc5MPtPg8EgXAGKU,,,,,,,,,,,,,,,
1orjH4IkSH9VrWmRCToKV8,0,0,0,0,0,0,0,0,0,0,0,0,0,0,0
0j1Ia2lQWrcXrQZI4AdJlk,1,0,0,1,0,0,0,0,0,0,0,0,0,0,0
1DFD5Fotzgn6yYXkYsKiGs,0,0,1,0,0,0,0,0,0,0,0,0,0,1,0
0AGS6ZRgzobrazmCi6pYMe,0,0,0,0,0,0,0,0,0,0,0,0,0,0,0
69vlMrzHwATKzupwNcUPyK,0,0,0,0,0,0,1,1,1,0,0,0,0,0,0
5iFwAOB2TFkPJk8sMlxP8g,0,0,0,0,0,0,0,0,0,0,0,0,0,0,0
4Aykm3xrOFSHrAnv80KUhh,0,1,0,0,0,0,0,0,0,0,0,0,0,0,0
4TgHt7vKCimpywaiKfl0uj,0,0,0,0,0,0,0,0,0,0,0,0,0,0,0
0MLu1cFYL4ikdRTdasCQT9,0,0,0,0,0,0,0,0,0,0,0,0,0,0,0
3yZCjDTxzZxx1kll1sRjGc,0,0,0,0,0,0,0,0,0,0,0,0,0,0,0
3kW4z2pIj5VY5fLjBrMRL5,0,1,0,0,0,1,0,0,0,0,1,0,0,0,0
4PV0uE5pZSh44E3NqNNDEH,1,0,1,1,0,0,0,0,0,0,0,0,1,0,0
0ecC8p17cDNlxHXkuYqeR6,,,,,,,,,,,,,,,
7IMwEtpAiJanqF6vQteZN2,0,1,0,0,1,1,0,0,0,1,1,0,0,0,0
0FktnzDqjClqU6iqOZVEs2,0,0,0,0,0,0,1,1,1,0,0,0,0,0,0
5DxXgozhkPLgrbKFY91w0c,0,0,0,0,0,0,1,1,1,0,0,0,0,0,0
3frUvGrmGcay91lvFbOgsN,1,0,0,0,0,0,0,0,0,0,0,0,0,1,0
3yOlyBJuViE2YSGn3nVE1K,1,0,1,1,0,0,0,0,0,0,0,0,1,0,0
2qxmye6gAegTMjLKEBoR3d,1,0,0,0,0,0,0,0,0,0,0,0,1,0,0
4HDCLYli2SUdkq9OjmvhSD,1,1,0,0,1,1,0,0,0,0,0,0,0,0,0
12KENAKQY5JvAsRURN7TzB,0,0,0,0,0,0,0,0,0,0,0,0,0,0,0
4aOOExMBUyxKnEYb39SrTg,0,0,0,0,0,0,0,0,0,0,0,0,0,0,0
2rxxXYtTIFKyrhJpofeoIX,0,0,0,0,0,0,0,0,0,0,0,0,0,0,0
1fipvP2zmef6vN2IwXfJhY,1,0,1,1,0,0,0,0,0,0,0,0,0,0,0
0b9oOr2ZgvyQu88wzixux9,0,1,0,0,1,0,0,0,0,1,0,0,0,0,1
6mAN61JH0dzyZpWslS11jy,0,0,0,0,0,0,0,1,0,0,0,0,0,0,0
5bmSver2b3ZXyuyLKtgnFI,0,0,0,0,0,0,1,1,1,0,0,0,0,0,0
6LsAAHotRLMOHfCsSfYCsz,1,0,1,1,0,0,0,0,0,0,0,1,0,0,0
4wNIkl5XGiAACjFBlDWuSd,1,0,1,1,0,0,0,0,0,0,0,0,0,0,0
2TH65lNHgvLxCKXM3apjxI,0,0,0,0,0,0,1,1,1,0,0,0,0,0,0
4kfeRwpq5KUaqTkgi4TbDF,0,1,0,0,1,1,0,0,0,0,0,0,0,0,1
7GX5flRQZVHRAGd6B4TmDO,0,1,0,0,0,1,0,0,0,0,1,0,0,0,0
7AFASza1mXqntmGtbxXprO,0,0,0,0,0,0,0,0,0,0,0,0,0,0,0
4S2uhQE8L9V6p7rj7SiauJ,0,0,0,0,0,1,0,0,0,0,1,0,0,0,0
6xZ4Q2k2ompmDppyeESIY8,0,0,0,0,0,0,0,0,0,0,0,0,0,0,0
41A89rj3GoMG6ktN37L7PG,1,0,1,1,0,0,0,0,0,0,0,0,0,0,0
4L6ihclQPu1hqP9r3WNJjQ,1,0,1,1,0,0,0,0,0,0,0,0,0,0,0
6hyQVqfHFvsJDjcmj4qrHf,1,0,1,1,0,0,0,0,0,0,0,0,0,0,0
0zzsyWc45eUcSjw4FNHxeN,1,0,1,1,0,0,0,0,0,0,0,0,0,0,0
7JDbfYUHjDzQPFSDh5lzGs,1,0,1,1,0,0,0,0,0,0,0,0,0,0,0
7sKbyYeJnITO1Eh9xd0lKd,1,0,1,1,0,0,0,0,0,0,0,0,0,0,0
3CidPLqWXqgesJlwYVJZdy,1,0,1,1,0,0,0,0,0,0,0,0,0,0,0
0oQc0F6KUE7QY7k5TU6bic,1,0,1,1,0,0,0,0,0,0,0,0,0,0,0
5DttNeiizFqWUON9hZBqTY,1,0,1,1,0,0,0,0,0,0,0,0,0,0,0
0oQc0F6KUE7QY7k5TU6bic,1,0,1,1,0,0,0,0,0,0,0,0,0,0,0
62hTXlVQacy3pjBW4ntRPl,1,0,1,1,0,0,0,0,0,0,0,0,0,0,0
78ldtCaBRJVp2i91B715L0,1,0,0,0,0,0,0,0,0,0,0,0,0,1,0
 ,,,,,,,,,,,,,,,
1WoM4mof0Nl1xPtwf6h6ow,0,0,0,0,0,0,0,0,0,0,0,0,0,0,0
2J0adlQth373uw9y0yqWAz,0,0,0,0,0,0,0,0,0,0,0,0,0,0,0
0gO3E51A3fqp0ypJ26QbVP,0,1,0,0,0,1,0,0,0,1,1,0,0,0,1
7wsmIIm0xWmtP7TmACXkJn,0,1,0,0,0,1,0,0,0,1,1,0,0,0,1
0atjNG0rNW2m6zPaiK4Co7,0,0,0,0,0,0,0,0,0,0,0,0,0,0,0
5Gj1wG8b12VQdEd3hUuSwo,1,0,0,0,0,0,0,0,0,0,0,0,0,1,0
3goH7O78TLkV9RhCAyM4AT,0,0,0,0,0,0,0,0,0,0,0,0,0,0,0
0H4ugk6rhnXmTl47ayy9O5,0,0,0,0,0,0,0,0,0,0,0,0,0,0,0
5LHHKZOwV8XW4LJP2C64mw,0,1,0,0,0,1,0,0,0,1,1,0,0,0,1
0UnTaVkntyh3vqvLEvbpQx,1,0,0,0,0,0,0,0,0,0,0,1,0,0,0
0y7Ao3CVJsyKFmqdjutiIF,0,1,0,0,0,1,0,0,0,1,1,0,0,0,1
3US6RbELvvrPw3DcvtJmis,0,0,0,0,0,0,0,0,0,0,0,0,0,0,0
4YhJ3a6kBPGJWX4Ek77sDd,0,1,0,0,0,1,0,0,0,1,1,0,0,0,1
0t3ZvGKlmYmVsDzBJAXK8C,0,1,0,0,0,0,0,0,0,0,1,0,0,0,0
3pm4XtcsRIFFtH2UErk62R,0,0,0,0,0,0,1,1,1,0,0,0,0,0,0
77fvnWALKJR0ws1VUx09CY,1,0,1,1,0,0,0,0,0,0,0,0,0,0,0
4EJHKSnHENfjOxXWryyNtL,0,0,0,0,0,0,1,1,1,0,0,0,0,0,0
5id3Rqn7SPj1LX4FfY4nGz,1,0,1,0,0,0,0,0,0,0,0,0,0,0,0
0pYacDCZuRhcrwGUA5nTBe,0,0,0,0,0,0,0,0,0,0,0,0,0,0,0
7lidXGPXPYLNThITAOTlkK,1,0,1,1,0,0,0,0,0,0,0,0,1,0,0
6ap9lSRJ0iLriGLqoJ44cq,0,0,0,0,0,0,0,0,0,0,0,0,0,0,0
3hWfKBt3n7j1xqIy6LA5ve,0,0,0,0,0,0,0,0,0,0,0,0,0,1,0
2p8IUWQDrpjuFltbdgLOag,1,0,0,0,0,0,0,0,0,0,0,1,0,0,0
2cYqizR4lgvp4Qu6IQ3qGN,0,1,0,0,0,0,0,0,0,0,0,0,0,0,0
1xUCDewhwnORlcFflAgml0,,,,,,,,,,,,,,,
4Pu0a2TuHOYtI4CCE3HEXI,0,0,0,0,0,0,1,1,1,0,0,0,0,0,0
3mkz6eI4Sram8UhO3teU76,,,,,,,,,,,,,,,
5kbps8unnGH4raN5WduZuq,0,0,0,0,0,0,1,1,1,0,0,0,0,0,0
4VgYtXCVJ7IbWAZ5ryfvEQ,0,0,0,0,0,0,1,1,1,0,0,0,0,0,0
021lWIHJrURZrmvYQ1xcM8,0,1,0,0,1,1,0,0,0,0,0,0,0,0,1
6Kj17Afjo1OKJYpf5VzCeo,0,1,0,0,1,0,0,0,0,1,0,1,0,0,0
740kQ8xwSGloumdiKR5Cwz,0,1,0,0,1,1,0,0,0,0,0,0,0,0,1
4PklAHGXT5ityno3IA8SKd,0,0,0,0,0,0,0,0,0,0,0,0,0,0,0
3tv697PZNnaQN0Mn2zGhS5,0,0,0,0,0,0,0,0,0,0,0,0,0,0,0
568OIKgeHyGRD3uWR44JbO,0,1,0,0,1,1,0,0,0,0,0,0,0,0,1
65jw6GhwQW3Db55PxlPEpS,0,0,0,0,0,0,0,0,0,0,0,0,0,0,0
2CoMYp2uIKsT09nreEZnZn,0,0,0,0,0,0,1,1,1,0,0,0,0,0,0
1C8ux1YWLMHCenYJFiIV4Z,0,1,0,0,0,1,0,0,0,0,0,0,0,0,0
7FullO2NDkyvxLuxYVKINa,0,1,0,0,0,1,0,0,0,0,1,0,0,0,0
58wyJLv6yH1La9NIZPl3ne,0,0,0,0,0,0,0,0,0,0,0,0,0,0,0
1zaDh3qaGSeSmulNyWlUxm,0,0,0,0,0,0,1,1,1,0,0,0,0,0,0
3XZeOzJ9tqnu58YP6cqApI,0,0,0,0,0,0,1,1,1,0,0,0,0,0,0
3Ddny34bFoYBb8dIGq5lwp,0,0,0,0,0,0,0,0,0,0,1,0,0,0,0
2DhNdoHxavs7Qtf5MnhZD0,0,0,0,0,0,0,1,1,1,0,0,0,0,0,0
2RxC2peY3FtrurYmbbmanr,0,0,0,0,0,0,0,0,0,0,0,0,0,0,0
7v8OynJxOxHoeS5C2UA9Y7,0,0,0,0,0,0,0,0,0,0,0,0,0,0,0
4r9jkMEnArtWGH2rL2FZl0,0,0,0,0,0,0,1,1,1,0,0,0,0,0,0
05aZ9sAU1YXndHv0FMi9iW,0,1,0,0,1,0,0,0,0,1,0,1,0,0,0
2nC3QhMI9reBIOWutbU3Tj,1,0,0,1,0,0,0,0,0,0,0,0,1,0,0
0uDdI4fAXCuNhQbmxENdsO,1,0,1,1,1,0,0,0,0,0,0,0,0,0,0
7wBJfHzpfI3032CSD7CE2m,0,1,0,0,0,0,0,0,0,0,0,0,0,0,0
0d2iYfpKoM0QCKvcLCkBao,1,0,0,0,1,0,0,0,0,0,0,0,1,0,0
4S2uhQE8L9V6p7rj7SiauJ,0,0,0,0,0,1,0,0,0,0,1,0,0,0,0
6b2RcmUt1g9N9mQ3CbjX2Y,1,0,1,1,0,0,0,0,0,0,0,0,0,0,0
73SpzrcaHk0RQPFP73vqVR,1,0,0,0,0,0,0,0,0,0,0,0,1,0,0
5fHrHoJKfCgBd35zwIBmUK,0,1,0,0,1,0,0,0,0,1,0,1,0,0,0
5H4mXWKcicuLKDn4Jy0sK7,0,1,0,0,1,0,0,0,0,1,0,1,0,0,0
7eYAHC0RbBF9eaqWzT34Aq,0,1,0,0,1,0,0,0,0,1,0,1,0,0,0
3Q4gttWQ6hxqWOa3tHoTNi,0,1,0,0,1,0,0,0,0,1,0,1,0,0,0
3KixNgUEaDtrKJVzdqjU5q,0,1,0,0,1,0,0,0,0,1,0,1,0,0,0
5TCBWmEBrin7etRa4Lswr1,0,1,0,0,1,0,0,0,0,1,0,1,0,0,0
3IvMYBE7A3c7to1aEcfFJk,0,1,0,0,1,0,0,0,0,1,0,1,0,0,0
1I55Ea0zVoSKs6MqW7DQ3i,0,1,0,0,1,0,0,0,0,1,0,1,0,0,0
0YkUwXxnTkeJBvt5upeEtP,0,1,0,0,1,0,0,0,0,1,0,1,0,0,0
6fLVTVaHWaEfVKfEgbkf4D,0,1,0,0,1,0,0,0,0,1,0,1,0,0,0
0lSZh5W0wDeurkGzLYY6hf,0,1,0,0,1,1,0,0,0,1,1,0,0,0,0
4QnC1bIaMSfDQvF4XDhV5M,1,0,1,1,0,0,0,0,0,0,0,0,0,0,0
6USdi8uX5GNAPYziFhisHb,1,0,0,0,0,0,0,0,0,0,0,0,0,0,0
3yZCjDTxzZxx1kll1sRjGc,0,0,0,0,0,0,0,0,0,0,0,0,0,0,0
1gVCEnryJhkdQcuC0Kbvor,0,1,0,0,0,0,0,0,0,0,0,0,0,0,0
5eEQCfq7MXQr6aHLNRUZLs,0,0,0,0,0,0,1,1,1,0,0,0,0,0,0
6DCZcSspjsKoFjzjrWoCdn,0,1,0,0,1,0,0,0,0,1,0,1,0,0,0
0gWbAFRcUyZKdfUxEOuOiD,0,0,0,0,0,0,0,0,0,0,0,0,0,0,0
5rffvRUaCvkPnkwMVcQYgZ,,,,,,,,,,,,,,,
4xqIYGwwZTEem9U8A42SPF,0,1,0,0,1,1,0,0,0,0,1,0,0,0,0
0A37XY67wSdGqkGjtfW6aV,0,0,0,0,0,0,0,1,0,0,0,0,0,0,0
6U0FIYXCQ3TGrk4tFpLrEA,0,1,0,0,0,0,0,0,0,1,0,0,0,0,0
3ZdDYeaZzeYnrP4crgXzPk,0,0,0,0,0,0,0,0,0,0,0,0,0,0,0
7lAK3oHbfEnvUQWosrMMpR,0,1,0,0,0,0,0,0,0,0,0,0,0,0,0
3lay6f81Lhy0qp2Uvp4cNJ,0,0,0,0,0,0,0,0,0,0,0,0,0,0,0
0ROE31C8Wu4neZoR9stM9e,0,1,0,0,0,1,0,0,0,0,1,0,0,0,0
5Xhqh4lwJPtMUTsdBztN1a,1,0,1,0,0,0,0,0,1,0,0,0,0,0,0
3iEqGBZ2wcpVzhiAcwXVC6,1,0,0,0,0,0,0,0,0,0,0,0,0,0,0
0bMbDctzMmTyK2j74j3nF3,0,0,0,0,0,0,0,0,0,0,0,0,0,0,0
1nocRtwyNPVtGcIJqfgdzZ,0,0,0,0,0,0,0,0,0,0,0,0,0,0,0
6kls8cSlUyHW2BUOkDJIZE,1,0,1,1,0,0,0,0,0,0,0,0,1,0,0
0JjM9bKm4wrwohMslcm892,0,1,0,0,1,0,0,0,0,1,0,0,0,0,0
2rc7BkzO8qepMFAxHtOrXc,0,0,0,0,0,0,1,0,1,0,0,0,0,0,0
5gNOINI5dXZVom2b36LMOd,0,1,0,0,0,0,0,0,0,0,0,0,0,0,0
0oT9ElXYSxvnOOagP9efDq,0,1,0,0,0,0,0,0,0,0,0,0,0,0,0
16oi4OiKmkO51l60F5R9kR,0,1,0,0,0,0,0,0,0,0,0,0,0,0,0
2ajzBr7vwHTEBeqDzcsNRC,0,1,0,0,0,1,0,0,0,0,1,0,0,0,0
2AuWgceaQyfMoI3EGavwGb,0,0,0,0,0,0,1,1,1,0,0,0,0,0,0
6Q3K9gVUZRMZqZKrXovbM2,1,0,0,0,0,0,0,0,0,0,0,0,0,1,0
7wsmIIm0xWmtP7TmACXkJn,0,1,0,0,0,1,0,0,0,1,1,0,0,0,1
0jWm0VyD8p3MrSInczpows,0,1,0,0,0,0,0,0,0,0,0,0,0,0,0
2w1rq80FIrbxeJy9WYURxw,0,0,0,0,0,0,1,0,1,0,0,0,0,0,0
1tNJrcVe6gwLEiZCtprs1u,1,0,0,0,0,0,0,0,0,0,0,0,0,0,0
0Odu228D0yGcFySGuxU4rY,0,1,0,0,1,1,0,0,0,0,1,0,0,0,0
1fPnUpoXCpD2NDI4vPVeLw,0,1,0,0,1,1,0,0,0,0,1,0,0,0,0
0dy5NFDnx5fuZvE8ZXEX35,0,0,0,0,0,0,0,0,0,0,0,0,0,0,0
1yYBOIXO2H9LDqEPui42GM,0,0,0,0,0,0,0,0,0,0,0,0,0,0,0
2ZTYlnhhV1UAReg7wIGolx,1,0,1,1,0,0,0,0,0,0,0,0,0,0,0
6tCssnvTUREcperDOUTqvA,0,0,0,0,0,0,0,0,0,0,0,0,0,0,0
3g0mEQx3NTanacLseoP0Gw,1,0,1,0,0,0,0,0,0,0,0,0,1,1,0
6fWa5CRgy0z30OeGZyMBvD,0,0,0,0,0,0,0,0,0,0,0,0,0,0,0
2tGENA8xef0wABdHvyXwv9,0,0,0,0,0,0,1,1,1,0,0,0,0,0,0
0L8OsjxbagaGkJI0PezdRg,0,0,0,0,0,0,0,0,0,0,0,0,0,0,0
1y4jsQt7MjnZhiD1L6qFBC,0,0,0,0,0,0,0,0,0,0,0,0,0,0,0
07Oz5StQ7GRoygNLaXs2pd,1,0,1,1,1,0,0,0,0,0,0,0,0,0,0
2ZlCGeK30BLRNSPC832pNZ,1,0,0,1,0,0,0,0,0,0,0,1,0,0,0
2IHLaN6wwYKQ3S24NsQqpA,1,0,1,1,0,0,0,0,0,0,0,0,0,0,0
58qO4dGa5SgNdtvqvpewyz,1,0,1,1,0,0,0,0,0,0,0,0,1,0,0
75pQqzwgCjUOSSy5CpmAjy,0,0,0,0,0,0,1,1,1,0,0,0,0,0,0
6kWxIqQDsKFYCJGbU4AjCX,1,0,0,0,0,0,0,0,0,0,0,1,0,0,0
6DEEuFNv0K3aJtFYZag8gv,,,,,,,,,,,,,,,
598yNsG1JFrGd4n2kMoz7F,0,1,0,0,0,1,0,0,0,0,0,0,0,0,1
6DXZiYUbrYgrVIhfX3U9Z2,1,0,1,0,0,0,0,0,0,0,0,0,0,0,0
4a6q8CR2hzLk2plDkSxkfD,1,0,1,1,0,0,0,0,0,0,0,0,1,0,0
4Ulqu89XempybuL8ApUeqL,1,0,1,0,0,0,0,0,0,0,0,0,0,0,0
3iYNJX4FTRGlfMQySjlGNr,1,0,1,0,0,0,0,0,0,0,0,0,0,0,0
3pyodt4pb554dMz8fCv7oi,1,0,1,0,0,0,0,0,0,0,0,0,0,0,0
4BGZF4oLbTL0pWm7C18pbv,1,0,0,0,0,0,0,0,0,0,0,1,0,0,0
6b5P51m8xx2XA6U7sdNZ5E,1,0,0,0,0,0,0,0,0,0,0,1,0,0,0
4szI7zRh7kLApCSqiB6R7b,1,0,1,0,0,0,0,0,0,0,0,0,0,0,0
5swpvba5YLqVDy1nbzUdog,0,0,0,0,0,0,0,0,0,0,0,0,0,0,0
719aY5gAzJbx2PHjyalZQu,0,0,0,0,0,0,0,0,0,0,0,0,0,0,0
2K9Ovn1o2bTGqbsABGC6m3,1,0,0,0,0,0,0,0,0,0,0,1,0,0,0
6qlcjGJPTZEwR8nf2nSe9C,1,0,1,1,0,0,0,0,0,0,0,0,1,0,0
3orEOtd8CPL8GFlpRpKuoE,1,0,0,0,0,0,0,0,0,0,0,1,0,0,0
3WlbeuhfRSqU7ylK2Ui5U7,1,0,0,0,0,0,0,0,0,0,0,1,0,0,0
1sOW4PuG5X3Ie3EXUhAopJ,1,0,0,0,0,0,0,0,0,0,0,1,0,0,0
2TrhpvxwuF6hrboTdRXwnS,0,0,0,0,0,0,0,0,0,0,0,0,0,0,0
4j4w4CXm6BSr0s25wAWrrX,0,0,0,0,0,0,1,1,1,0,0,0,0,0,0
3qM0vBxIe4VUbK0Z0smuVP,0,0,0,0,0,0,1,1,1,0,0,0,0,0,0
5HArmECc1y0lCHKVKDKXa4,1,0,1,1,0,0,0,0,0,0,0,0,0,0,0
26wLOs3ZuHJa2Ihhx6QIE6,1,0,1,1,0,0,0,0,0,0,0,0,1,0,0
40U8d12pC5UHqmHwXjHjjl,1,0,0,0,0,0,0,0,0,0,0,1,0,0,0
2BcnxwxBuar5wjCaLqm5N3,1,0,0,0,0,0,0,0,0,0,0,1,0,0,0
464uJVLmr0fDJGXOnciaDe,0,0,0,0,0,0,1,0,1,0,0,0,0,0,0
1syf62zw48zu4FrPwMtDHk,0,0,0,0,0,0,1,0,1,0,0,0,0,0,0
2hsA9YWuF3C9Gosi4dpjJN,0,0,0,0,0,0,1,0,1,0,0,0,0,0,0
3HTbI3yUJQw3fP0Po8qLcD,0,0,0,0,0,0,1,0,1,0,0,0,0,0,0
7hav1MHURQf5SAoPk0egqh,0,1,0,0,0,1,0,0,0,0,1,0,0,0,0
6CUP2khYzdphXebxVTfPE3,0,1,0,0,0,1,0,0,0,0,1,0,0,0,0
5IUOU5xkzGHsRFOYNu3GSK,1,0,1,1,0,0,0,0,0,0,0,0,0,0,0
2fOlBMkWR7lXJfqp5VTbDG,0,1,0,0,0,1,0,0,0,0,1,0,0,0,0
5zzbORcD0GwLY0wQHP1Xs1,0,0,0,0,0,0,1,0,1,0,0,0,0,0,0
2FvD20Z8aoWIePi7PoN8sG,0,1,0,0,0,0,0,0,0,0,0,0,0,0,0
6XXYdF6pJR1K3wKvuxmu7n,1,0,1,1,0,0,0,0,0,0,0,0,0,0,0
3S1NOXjDr2A4xXXsWo8kLr,0,0,0,0,0,0,0,0,0,0,0,0,0,0,0
4NqQaovM14WR2hNPMFxgjb,0,0,0,0,0,0,1,1,1,0,0,0,0,0,0
7paFC3FEu1WtPVP4Do6VZN,0,0,0,0,0,0,0,0,0,0,0,0,0,0,0
63wx9vdskaXbYxyDx4oJCZ,1,0,1,0,1,0,0,0,0,0,0,0,0,0,0
7sOfmPd18RWp3FoCzpa7Kw,0,0,0,0,0,0,1,1,1,0,0,0,0,0,0
4saHEjXw7O1NXJOzBkUKKG,0,0,0,0,0,0,1,1,1,0,0,0,0,0,0
0IpnZchq8ek2A6pGEP2Qb1,0,1,0,0,0,1,0,0,0,0,1,0,0,0,0
59JWp4PjZ9TRM8cmtaDYB1,0,1,0,0,0,1,0,0,0,0,1,0,0,0,0
0Li1OuXXfi7950ilZUFGkF,0,1,0,0,0,1,0,0,0,0,0,0,0,0,0
5egD7A5x9AHdVO2fMo3Wbo,0,1,0,0,0,1,0,0,0,0,1,0,0,0,0
1V8XneTrX6kKeoxYbk4x6h,0,0,0,0,0,0,1,1,1,0,0,0,0,0,0
4SnlSaLJJ7reJMCHM5YUuX,0,1,0,0,0,1,0,0,0,0,1,0,0,0,0
10rwyGbKAWZ8JZbL7uHl28,0,0,0,0,0,0,0,0,0,0,0,0,0,0,0
53v2u51nq3CxiKUNphRzP1,0,0,0,0,0,0,1,1,1,0,0,0,0,0,0
4D7NrSeqkTarBrJ80b2sBc,0,1,0,0,0,1,0,0,0,0,1,0,0,0,0
4lAQfuREAHG8IC0PiiigBt,0,1,0,0,0,1,0,0,0,0,1,0,0,0,0
5kqNIqFjijuzvVLhuY9B8j,0,0,0,0,0,0,1,1,1,0,0,0,0,0,0
19Ec2gbNtQTE44IizcPjtD,0,1,0,0,0,1,0,0,0,0,1,0,0,0,0
5J7teKIJGtqVypgYI6sqXj,0,0,0,0,0,0,1,1,1,0,0,0,0,0,0
4sWGHlZGM1XA7TyWdtBAbA,0,1,0,0,0,1,0,0,0,0,1,0,0,0,0
7rpNuuoMbid56XkDsx2FjE,1,0,1,1,0,0,0,0,0,0,0,0,0,0,0
463PQggkmk5tTw8ug0ahOX,1,0,0,0,1,0,0,0,0,0,0,0,0,0,0
2pWOMNQJW3g2zmGjP0Vkb0,0,0,0,0,0,0,1,1,1,0,0,0,0,0,0
6LcauUZjF1eXQrgqMUecHX,0,1,1,0,1,1,0,0,0,1,0,0,0,0,0
7vTspUAmMKFkUpKL9HLZNL,0,1,0,0,0,1,0,0,0,0,1,0,0,0,0
2qG81jL9UIP54uS8gYyP4k,1,0,1,1,0,0,0,0,0,0,0,0,1,0,0
6vxU64pcIuQ38O015Zy4qj,0,1,0,0,0,1,0,0,0,0,1,0,0,0,0
1HF6P40Z7nfExGaB1Gk99v,0,1,0,0,0,1,0,0,0,0,1,0,0,0,0
4YcWzLSnGqLjSCycuSMHnn,0,1,0,0,0,1,0,0,0,0,1,0,0,0,0
0AhJag7VI8uFf3mJFsTwvf,0,1,0,0,0,1,0,0,0,0,1,0,0,0,0
1xcOYJxDa5pObgxY1r0I9c,0,1,0,0,0,1,0,0,0,0,1,0,0,0,0
3bkkMZEAhx7rTVz1C0itRQ,0,0,0,0,0,0,0,0,0,0,0,0,0,0,0
2hBeHlR2d7wFJVLcj2fivL,,,,,,,,,,,,,,,
3jbT1Y5MoPwEIpZndDDwVq,0,0,0,0,0,0,1,1,1,0,0,0,0,0,0
4MZSqgwlE71CWZ6qQ3gkKm,0,0,0,0,0,0,1,1,1,0,0,0,0,0,0
7IxGslFZA5QhgXbUsDmcjf,0,0,0,0,0,0,0,0,0,0,0,0,0,0,0
3Ghyp3X5Ua9ypHnBIgOObI,0,0,0,0,0,0,0,0,0,0,0,0,0,0,0
1jDbQz6tr52WgScCTXMnaN,0,1,0,0,0,1,0,0,0,0,1,0,0,0,0
25B5fGr9K0VdZJiRFsnMO4,0,1,0,0,0,1,0,0,0,0,1,0,0,0,0
2oHDJHNondITqbl8xZ9vPn,0,1,0,0,0,1,0,0,0,0,1,0,0,0,0
3BYIzNZ3t9lRQCACXSMLrT,0,1,0,0,0,1,0,0,0,0,1,0,0,0,0
6YAxCn4juTWn5hWl2hzHGw,0,1,0,0,0,1,0,0,0,0,1,0,0,0,0
46mT9NR7N9Zf5MolcrBgE3,0,1,0,0,0,1,0,0,0,0,1,0,0,0,0
4wBcaYqLPm7EtDVoJQORU4,0,1,0,0,0,1,0,0,0,0,1,0,0,0,0
6gm12xlADJwiBbHIKBXzGW,0,0,0,0,0,0,0,0,0,0,0,0,0,0,0
7gHZGXSJzM29WA384suYY2,0,1,0,0,0,1,0,0,0,0,1,0,0,0,0
5KlPy74NOEAt8jC3FYURnQ,0,1,0,0,0,1,0,0,0,0,1,0,0,0,0
3IB5qOeMayvpOdHxYCL5tZ,0,0,0,0,0,0,0,0,0,0,0,0,0,0,0
0fgsKar6uBO08vzHXkTjWi,0,0,0,0,0,0,1,1,1,0,0,0,0,0,0
1eyek0KJEh2v5HQ9uQSybb,1,0,1,1,0,0,0,0,0,0,0,0,1,0,0
7KSSdFCBHCfq4KPzz78ghk,0,1,0,0,0,1,0,0,0,0,0,0,0,0,1
7GwYENSg87oERcW0Wacd6m,0,1,0,0,0,1,0,0,0,1,1,0,0,0,1
5RsKelNxucrDxgMbZ3vd3W,1,0,1,1,0,0,0,0,0,0,0,0,1,0,0
4vjpLMyL3ZO6aphdYr8XYw,1,0,1,1,0,0,0,0,0,0,0,0,1,0,0
733c1CWmIGymoQXdp7Us88,0,1,0,0,1,1,0,0,0,0,1,0,0,0,0
43NqTeL8pgBxKHPMiJKUP5,0,0,0,0,0,0,0,1,0,0,0,0,0,0,0
5gCg2qMPzKkW4jS4dBKdDs,0,0,0,0,0,0,1,1,1,0,0,0,0,0,0
113PlnpZbHd3WIqeYjhZWv,0,0,0,0,0,0,1,1,1,0,0,0,0,0,0
4vUmTMuQqjdnvlZmAH61Qk,1,0,0,0,0,0,0,0,0,0,0,0,0,0,0
75ZvA4QfFiZvzhj2xkaWAh,0,1,0,0,0,0,0,0,0,0,1,0,0,0,0
09PGubKAMryhOWv1LHpCYz,1,0,1,1,0,0,0,0,0,0,0,0,1,0,0
37zdqI4r1gswIzczSBkRon,0,0,0,0,0,0,1,1,1,0,0,0,0,0,0
7HMmFQsKsljwTw8bS7lu19,1,0,1,1,0,0,0,0,0,0,0,0,0,0,0
0fySG6A6qLE8IvDpayb5bM,0,1,0,0,0,0,0,0,0,0,0,0,0,0,0
3uc8AGNL0KbvISIrjnfRvN,1,0,1,1,0,0,0,0,0,0,0,0,1,0,0
5raTDhlbxFDnpn89bxArdH,0,1,0,0,0,1,0,0,0,0,1,0,0,0,0
6AyWdCtEn1DdxjnxPeojR2,0,1,0,0,0,1,0,0,0,0,0,0,0,0,1
3tDqEKKUs6gf8zMvSuLyLA,0,1,0,0,0,1,0,0,0,0,0,0,0,0,1
2u3EyuCqqV31woqGvO9LBz,0,1,0,0,0,1,0,0,0,0,0,0,0,0,1
0ono6UCNVZ1XqOm6j78Blu,0,0,0,0,0,0,0,0,0,0,0,0,0,0,0
7ygVaACDENw4PgLbN1awFE,0,0,0,0,0,0,0,0,0,0,0,0,0,0,0
1Xnn1TPyr5h0hpRAT4B4EA,0,0,0,0,0,0,1,1,1,0,0,0,0,0,0
4z6wo6PJG4Fve45OXK6D9m,0,0,0,0,0,0,1,1,1,0,0,0,0,0,0
6RyaV7owmVU6fzEPE17sF1,0,0,0,0,0,0,1,1,1,0,0,0,0,0,0
2Ec33AVlkTTq8BHFgBTdQs,0,1,0,0,0,1,0,0,0,0,1,0,0,0,0
0Q2n5yzl2XRqYbV77tZNYp,0,0,0,0,0,0,0,0,0,0,0,0,0,0,0
4QPEwDdOMhY7rNS05mTyMR,0,0,0,0,0,0,0,0,0,0,0,0,0,0,0
4iiWcajF1fEUpwcUewc464,0,1,0,0,1,1,0,0,0,0,0,0,0,0,1
4vTgx6h4seHvkuFh84JXYP,0,0,0,0,0,0,0,0,0,0,0,0,0,0,0
033if6Adj8fwBYsQzHOfQ8,0,0,0,0,0,0,0,0,0,0,0,0,0,0,0
4RVtBlHFKj51Ipvpfv5ER4,1,0,1,0,0,0,0,0,0,0,0,0,0,1,0
38KsRHYE10bG0paU78gL9r,1,0,0,0,1,0,0,0,0,0,0,0,1,0,0
25ZAibhr3bdlMCLmubZDVt,0,0,0,0,0,0,1,0,1,0,0,0,0,0,0
6RRNNciQGZEXnqk8SQ9yv5,1,0,0,1,0,0,0,0,0,0,0,0,0,0,0
5Id5B3dxJZhPcV9GzgYZZe,0,0,0,0,0,0,1,1,1,0,0,0,0,0,0
1c0hsvHLELX6y8qymnpLKL,0,0,0,0,0,0,1,1,1,0,0,0,0,0,0
1iQDltZqI7BXnHrFy4Qo1k,1,0,0,0,0,0,0,0,0,0,0,0,1,0,0
3HWzoMvoF3TQfYg4UPszDq,1,0,1,1,1,0,0,0,0,0,0,0,0,0,0
7p6ZK1vOxKELFwlDfwkJCp,,,,,,,,,,,,,,,
3op7HNwLli54MBjFGzIlZO,0,0,0,0,0,0,0,0,0,0,0,0,0,0,0
1aKuG1GG76xPLUkjBbQo3W,0,0,0,0,0,0,0,0,0,0,0,0,0,0,0
4AlihYDqxXshKhvh5tnMfP,0,0,0,0,0,0,0,0,0,0,0,0,0,0,0
7w05lsU2VLSeiT8Nukrv5M,0,0,0,0,0,0,0,0,0,0,0,0,0,0,0
44WLOqH7QayQOQdeUHeKUK,0,0,0,0,0,0,0,0,0,0,0,0,0,0,0
4BKOjYosPhw334moS3wlbO,0,0,0,0,0,0,0,0,0,0,0,0,0,0,0
1xfXXujIlLZAx5wpu46Nyk,0,0,0,0,0,0,0,0,0,0,0,0,0,0,0
3r9FFjLrAIQjoR8pSHVPC9,0,0,0,0,0,0,0,0,0,0,0,0,0,0,0
2Nib4r0saYQf2pUV4RFDhl,0,0,0,0,0,0,0,0,0,0,0,0,0,0,0
37TSJmYKLxXmx8OehFpqMN,0,0,0,0,0,0,0,0,0,0,0,0,0,0,0
4HUZBG98TYbxSR9V1V2DWS,0,0,0,0,0,0,0,0,0,0,0,0,0,0,0
0RDgqtvOHLwcI6yz9bjsZV,0,0,0,0,0,0,1,1,1,0,0,0,0,0,0
5Z01UMMf7V1o0MzF86s6WJ,0,1,0,0,0,0,0,0,0,1,0,0,0,0,0
6IRdLKIyS4p7XNiP8r6rsx,1,0,0,0,0,0,0,0,0,0,0,0,1,0,0
4lKuzrdZrJuCAedbIslF3A,0,0,0,0,0,0,0,0,0,0,0,0,0,0,0
4dZTZbmJBCCofAExHwefda,0,1,0,0,1,1,0,0,0,1,1,0,0,0,1
6Y4PDQv4XjYjHLeLmvyOt0,0,0,0,0,0,0,1,1,1,0,0,0,0,0,0
3iQGDAAKMrlJarnaYNgnSE,1,0,1,0,1,0,0,0,0,0,0,0,0,1,0
2QfmSvSMwTXcvlIkU0w1Yk,0,0,0,0,0,0,0,0,0,0,0,0,0,0,0
0FnPT2g07W4aXuHjniC1of,,,,,,,,,,,,,,,
0np7TYPZSum9xTxe9QTr21,,,,,,,,,,,,,,,
6C1jKbkCUgFws7M0M4oGCB,0,0,0,0,0,0,1,1,1,0,0,0,0,0,0
6ZelF5APDN5r6XnFqcnvWR,0,1,0,0,1,1,0,0,0,0,0,0,0,0,1
2o9LAypwGH4ctV0i9boo6d,1,0,0,1,0,0,0,0,0,0,0,1,0,0,0
40qyPyljksBEqlNw5sW37T,1,0,0,1,0,0,0,0,0,0,0,1,0,0,0
5Py8zRKGkZvgHniVVtvNCN,1,0,0,1,0,0,0,0,0,0,0,1,0,0,0
5VwwpU7KsLhgfbMEecedhJ,1,0,0,1,0,0,0,0,0,0,0,1,0,0,0
1PnAx788sAvcI3ZxTlEyX8,1,0,0,1,0,0,0,0,0,0,0,1,0,0,0
75nKBP8jQu681pTNCtrEnn,1,0,0,1,0,0,0,0,0,0,0,1,0,0,0
1b6tPXXCV2fSNtR3SKWUQA,1,0,0,1,0,0,0,0,0,0,0,1,0,0,0
3LbZIhU0smEU5SUnxod4j4,0,0,0,0,0,0,0,0,0,0,0,0,0,0,0
521Os1SMlxmsoevsqyjNmJ,1,0,0,1,0,0,0,0,0,0,0,1,0,0,0
60brXKLTC15vK0av5gIldm,1,0,0,1,0,0,0,0,0,0,0,1,0,0,0
7Ek9e3eIuktIFjpDRQfmHE,0,0,0,0,0,0,0,0,0,0,0,0,0,0,0
6PzOPrXx8tJEqace76yrv2,1,0,0,1,0,0,0,0,0,0,0,1,0,0,0
5hM5arv9KDbCHS0k9uqwjr,0,0,0,0,0,0,0,0,0,0,0,0,0,0,0
39nTNk5MfyiiRupTwn1iyC,1,0,0,1,0,0,0,0,0,0,0,1,0,0,0
5EbidH3lGB30WuDsoR4km6,1,0,1,1,0,0,0,0,0,0,0,0,1,0,0
4l2rsMfr20dj6nf6i6F3Y8,0,1,0,0,1,1,0,0,0,0,1,0,0,0,0
2hLu8L8SNfCN4yKyPdX0h3,1,0,0,1,0,0,0,0,0,0,0,1,0,0,0
418ohXmKnlngIosIn6gG0H,,,,,,,,,,,,,,,
1V7JaMp11LKGwKiVmSetf0,0,0,0,0,0,0,0,0,0,0,0,0,0,0,0
5ozqshq2dtU7SYCpCBu0NE,0,0,0,0,0,0,0,0,0,0,0,0,0,0,0
1DWZUa5Mzf2BwzpHtgbHPY,0,1,0,0,0,0,0,0,0,1,0,0,0,0,0
3Fj47GNK2kUF0uaEDgXLaD,1,0,0,0,0,0,0,0,0,0,0,0,1,0,0
2slqvGLwzZZYsT4K4Y1GBC,1,0,0,1,0,0,0,0,0,0,0,0,0,0,0
5JWPUEov2wlX7c0jhYZpeB,0,0,0,0,0,0,0,0,0,0,0,0,0,0,0
6VLkgf5YmLixsabdqiCVGU,1,0,0,1,0,0,0,0,0,0,0,1,0,0,0
6WbvBhwCaUuYHcHGEuVgqo,,,,,,,,,,,,,,,
3VlbOrM6nYPprVvzBZllE5,1,0,1,1,0,0,0,0,0,0,0,0,0,0,0
4umIPjkehX1r7uhmGvXiSV,1,0,0,1,0,0,0,0,0,0,0,1,0,0,0
75dLEqanQTupF3dtP9exT5,1,0,1,1,1,0,0,0,0,0,0,0,0,0,0
2W4yABdLc4Jnds67Poi5Nl,1,0,0,0,0,0,0,0,0,0,0,0,0,0,0
5hff5RQeE84pznOt8WEWeO,1,0,1,1,0,0,0,0,0,0,0,0,0,1,0
7h0d2h0fUmzbs7zeFigJPn,0,1,0,0,0,1,0,0,0,0,0,0,0,0,0
07Oz5StQ7GRoygNLaXs2pd,1,0,1,1,1,0,0,0,0,0,0,0,0,0,0
1bRO28yzxgO3y3UmNR29TZ,0,1,0,0,1,1,0,0,0,1,0,0,0,0,0
5VwwpU7KsLhgfbMEecedhJ,1,0,0,1,0,0,0,0,0,0,0,1,0,0,0
7BlBVFwvbWvcwNcUarQmjk,0,0,0,0,0,0,0,0,0,0,0,0,0,0,0
1ndyl3wJCFs872XZ3ztPk6,0,0,0,0,0,0,1,1,1,0,0,0,0,0,0
5hVghJ4KaYES3BFUATCYn0,0,1,0,0,0,0,0,0,0,1,0,0,0,0,0
1cVlW9WQiGlFdWUXFdFZGh,0,0,0,0,0,0,1,1,1,0,0,0,0,0,0
6osaMSJh9NguagEDQcZaKx,1,0,1,0,0,0,0,0,0,0,0,0,0,1,0
3CYH422oy1cZNoo0GTG1TK,0,0,0,0,0,0,0,0,0,0,0,0,0,0,0
2gwkD6igEhQbDQegRCcdoB,0,1,0,0,0,0,0,0,0,0,0,0,0,0,0
2qG5sZ7Si6sdK74qLxedYM,0,0,0,0,0,0,0,0,0,0,0,0,0,0,0
0DiDStADDVh3SvAsoJAFMk,1,0,1,1,0,0,0,0,0,0,0,0,0,0,0
18O00Y7yrkJ0pRXm1n21Og,1,0,0,0,0,0,0,0,0,0,0,0,0,0,0
6TqXcAFInzjp0bODyvrWEq,1,0,0,0,0,0,0,0,0,0,0,0,0,0,0
56AMYGJzxBO6p8v0wEe9de,0,1,0,0,0,1,0,0,0,1,1,0,0,0,1
38YP1STiBe3AZevFFJILf4,0,0,0,0,0,0,0,0,0,0,0,0,0,0,0
3GIhMWNecxw8GyCFwviF6v,,,,,,,,,,,,,,,
2JvzF1RMd7lE3KmFlsyZD8,0,1,0,0,0,0,0,0,0,1,0,0,0,0,0
4bTZeO72FwMa6wKOiqoynL,0,0,0,0,0,0,1,1,1,0,0,0,0,0,0
6lruHh1jF7ezgbLv72xYmf,0,0,0,0,1,0,0,0,0,0,0,0,0,0,0
4JEz0Iz8PnzHe5B0CkYSjP,,,,,,,,,,,,,,,
0VSzREd1OjEWJ9tXoFHRQH,0,1,0,0,0,0,0,0,0,1,0,0,0,0,0
1R4xkZXQUQ8QJtAdwHkSgC,0,0,0,0,0,0,0,0,0,0,0,0,0,0,0
1mCsF9Tw4AkIZOjvZbZZdT,0,0,0,0,0,0,0,0,0,0,0,0,0,0,0
1hoLUVBx0ixX3kn0EX0P5n,0,0,0,0,0,0,0,0,0,0,0,0,0,0,0
2ufmtcIFdFpuUYBPXK5f67,1,0,1,1,0,0,0,0,0,0,0,0,1,0,0
5MYzajZVxBaPT2JUSRa99L,0,0,0,0,0,0,0,0,0,0,0,0,0,0,0
0qaWEvPkts34WF68r8Dzx9,0,0,1,0,0,0,0,0,0,0,0,0,0,1,0
3ZFTkvIE7kyPt6Nu3PEa7V,1,0,1,0,0,0,0,0,1,0,0,0,0,0,0
7LzouaWGFCy4tkXDOOnEyM,1,0,1,1,0,0,0,0,0,0,0,0,1,0,0
2IRZnDFmlqMuOrYOLnZZyc,0,1,0,0,1,1,0,0,0,1,0,0,0,0,0
2Rk4JlNc2TPmZe2af99d45,1,0,0,1,0,0,0,0,0,0,0,0,0,0,0
1000nHvUdawXuUHgBod4Wv,0,0,0,0,1,0,0,0,0,0,0,0,0,0,0
41zXlQxzTi6cGAjpOXyLYH,1,0,0,0,0,0,0,0,0,0,0,0,1,0,0
7DcvwMAiqKJQD1rrdfxSDx,0,1,0,0,1,1,0,0,0,1,1,0,0,0,1
4sjiIpEv617LDXaidKioOI,0,0,0,0,0,1,0,0,0,0,1,0,0,0,0
5SiZJoLXp3WOl3J4C8IK0d,0,1,0,0,0,0,0,0,0,1,0,0,0,0,0
0GQ5bFTVFFKpwNPc7KwQnB,0,1,0,0,0,0,0,0,0,1,0,0,0,0,0
2hwOoMtWPtTSSn6WHV7Vp5,0,1,0,0,0,0,0,0,0,1,0,0,0,0,0
1vG3YuKRYqPwTmNmYgqkpg,0,0,0,0,0,0,0,0,0,0,0,0,0,0,0
0q2vG0UVuy6ajjcpkQHdZM,0,1,0,0,0,0,0,0,0,1,0,0,0,0,0
5XVPNr0CAoUn1jD033Ucoo,0,0,0,0,0,0,0,0,0,0,0,0,0,0,0
5CpsIb7SMFHjmAG8RvIWfq,0,1,0,0,0,0,0,0,0,1,0,0,0,0,0
0Vl4eICpXMjtiK0RhdaWov,0,0,0,0,0,0,0,0,0,0,0,0,0,0,0
06scTb0zbkxYNgpAB3J9fN,1,0,0,0,1,0,0,0,0,0,0,0,0,0,0
2XUPkAie1nz9SYIhbdIVWb,,,,,,,,,,,,,,,
5SYkeNpjhJPFUMOP5TK8iw,0,0,0,0,0,0,0,0,0,0,0,0,0,0,0
1Knctxx9vGZxpZfF66BIEa,0,0,0,0,0,0,0,0,0,0,1,0,0,0,0
7KbF6AdprOXEEHlsq11Z6d,0,0,0,0,0,0,1,0,1,0,0,0,0,0,0
0qc4QlcCxVTGyShurEv1UU,1,0,1,0,0,0,0,0,0,0,0,0,0,1,0
7Dj2wqPYXfSRFwa6qyOztr,0,1,0,0,0,0,0,0,0,1,0,0,0,0,0
7ccTcabbJlCJiIqtrSSwBk,0,1,0,0,0,0,0,0,0,1,0,0,0,0,0
3R8CyhJfVjvgIROd5RSGhQ,0,1,0,0,0,0,0,0,0,1,0,0,0,0,0
2Yv2mHzr5AQavVdwQjEokV,0,1,0,0,0,0,0,0,0,1,0,0,0,0,0
1lO9CZo6eDrOy0S7khgryG,0,1,0,0,0,0,0,0,0,1,0,0,0,0,0
3WfSNAoj2D8C9noPSGZZFM,0,1,0,0,0,0,0,0,0,1,0,0,0,0,0
1qwMkkRiD5jqLeUUjfgblh,0,1,0,0,0,0,0,0,0,1,0,0,0,0,0
34d7sGX6WUqq8f04e7CSNF,0,1,0,0,0,0,0,0,0,1,0,0,0,0,0
3QVHSV8YKYq4L8tI5rnFgj,0,1,0,0,0,0,0,0,0,1,0,0,0,0,0
5mZXWEH2eh8zMZGCxT5aW0,0,1,0,0,0,0,0,0,0,1,0,0,0,0,0
40YbWniIEmqy6s58fYXLUh,0,1,0,0,0,0,0,0,0,1,0,0,0,0,0
3Qa944OTMZkg8DHjET8JQv,0,1,0,0,0,0,0,0,0,1,0,0,0,0,0
74gykWHknHDrg4eMdcmdRq,0,1,0,0,0,0,0,0,0,1,0,0,0,0,0
1OuN92HcVG6NVpWbeESNB3,0,1,0,0,0,0,0,0,0,1,0,0,0,0,0
4EmunTy7kNBYQivOa8F6b8,0,1,0,0,0,0,0,0,0,1,0,0,0,0,0
4qNWEOMyexn7b8Icyk29t9,0,1,0,0,0,0,0,0,0,1,0,0,0,0,0
3CJbxqRQ0JNCqboWDNUUeX,0,1,0,0,0,0,0,0,0,1,0,0,0,0,0
2Mfv5HaqnI18Q9JRv9hqnn,1,0,1,1,0,0,0,0,0,0,0,0,1,0,0
1kwnxJNVl7cwcU98RvMBaR,0,1,0,0,0,0,0,0,0,1,0,0,0,0,0
0udOCZp7yk0Ml92C0k8H8D,0,1,0,0,0,0,0,0,0,1,0,0,0,0,0
26G5nmIx7Yvq79bIIluyZV,0,1,0,0,0,0,0,0,0,1,0,0,0,0,0
7HZoWhGQaKg97OsqG7HLOS,0,0,0,0,0,0,0,0,0,0,0,0,0,0,0
6CrnvqCxBKVWahSiQwOesM,0,1,0,0,0,0,0,0,0,1,0,0,0,0,0
2KAkkba3PaYFegfmYpUITv,0,0,0,0,0,0,0,0,0,0,0,0,0,0,0
5GyyPRvEwdI4wJSUbzxHQv,0,0,0,0,0,0,0,0,0,0,0,0,0,0,0
11OwAR3GlBj9E35Cznf7Lj,1,0,1,1,0,0,0,0,0,0,0,0,0,0,0
5sK3o66yupTNIK6gWgzGjf,1,0,1,1,0,0,0,0,0,0,0,0,0,0,0
11Ey4yJVeWEsA73KjACkVY,1,0,1,1,0,0,0,0,0,0,0,0,0,0,0
2C0hTkdEoikhKzDCJl32QZ,1,0,1,1,0,0,0,0,0,0,0,0,0,0,0
63mdJr3NMY3wReOkNE6c6W,1,0,1,1,0,0,0,0,0,0,0,0,0,0,0
1mpD5Q8IM32I4bF6eCpU74,1,0,0,0,0,0,0,0,0,0,0,0,0,0,0
3cphb8kdsjElYR7r5icK3H,1,0,1,1,0,0,0,0,0,0,0,0,0,0,0
3Z0oQ8r78OUaHvGPiDBR3W,,,,,,,,,,,,,,,
0uFForNKQPvgSCnxlZIhQy,1,0,1,1,0,0,0,0,0,0,0,0,0,0,0
4bb94wZVF1cX66vQjNeJTX,1,0,1,1,0,0,0,0,0,0,0,0,0,0,0
7iHHxY2NLlJRAmlAmC4ahQ,0,1,0,0,0,1,0,0,0,0,1,0,0,0,0
7CZyCXKG6d5ALeq41sLzbw,0,1,0,0,0,0,0,0,0,0,1,0,0,0,0
6ztvsy3C6hPjVg9j4x1XKJ,0,1,0,0,0,1,0,0,0,0,1,0,0,0,0
7A20WnLkjtZU2d7hIB6Ziu,0,1,0,0,0,1,0,0,0,0,1,0,0,0,0
0PQsrLxPbOBBwwmXCnGvcF,1,0,0,0,1,0,0,0,0,0,0,0,0,0,0
5WHTFyqSii0lmT9R21abT8,1,0,1,1,0,0,0,0,0,0,0,0,0,1,0
3Kd6Wp3lG5HXMB2dlvuy7y,0,1,0,0,0,1,0,0,0,0,1,0,0,0,0
5iwz1NiezX7WWjnCgY5TH4,0,0,0,0,0,0,0,0,1,0,0,0,0,0,0
4OtHGdb0KqEbaWb6edUnR9,1,0,1,1,0,0,0,0,0,0,0,0,0,0,0
59iGOjPSOcPLGl3vqEStUp,1,0,1,1,0,0,0,0,0,0,0,0,0,0,0
2BgEsaKNfHUdlh97KmvFyo,1,0,1,1,0,0,0,0,0,0,0,0,0,1,0
0KoiMHhqKLoL4xM54rcWYY,1,0,1,0,0,0,0,0,0,0,0,0,0,1,0
3TKpJrY9q49Mj1JOsM9zGL,1,0,1,0,0,0,0,0,0,0,0,0,1,1,0
6uJONCdr2rC65BNmCnTBWK,0,1,0,0,0,1,0,0,0,0,0,0,0,0,0
7LGWmZaoS7jZJ5tEi9EcDi,0,1,0,0,0,1,0,0,0,0,0,0,0,0,0
4AO1XhrgJczQ9bNVxdfKQe,0,1,0,0,0,1,0,0,0,0,0,0,0,0,0
7x9nXsowok1JszkVztI5NI,0,1,0,0,1,1,0,0,0,1,0,0,0,0,0
6piAUJJQFD8oHDUr0b7l7q,0,0,0,0,0,0,0,0,0,0,0,0,0,0,0
 ,,,,,,,,,,,,,,,
6hw1Sy9wZ8UCxYGdpKrU6M,0,0,0,0,0,0,0,0,0,0,0,0,0,0,0
5PYQUBXc7NYeI1obMKSJK0,1,0,1,1,0,0,0,0,0,0,0,0,0,0,0
7ef4DlsgrMEH11cDZd32M6,1,0,1,0,0,0,0,0,0,0,0,0,0,0,0
40rXWke6SnXiGkSmaT8ZUr,0,0,0,0,0,0,1,1,1,0,0,0,0,0,0
1iQDltZqI7BXnHrFy4Qo1k,1,0,0,0,0,0,0,0,0,0,0,0,1,0,0
40mjsnRjCpycdUw3xhS20g,0,1,0,0,0,1,0,0,0,0,0,0,0,0,0
1VJwtWR6z7SpZRwipI12be,1,0,1,0,0,0,0,0,0,0,0,0,0,0,0
62zKJrpbLxz6InR3tGyr7o,0,1,0,0,0,1,0,0,0,0,0,0,0,0,0
2bPtwnrpFNEe8N7Q85kLHw,0,0,0,0,0,0,0,0,0,0,0,0,0,0,0
2YpeDb67231RjR0MgVLzsG,0,0,0,0,1,0,0,0,0,0,0,0,0,0,0
3wwo0bJvDSorOpNfzEkfXx,0,0,0,0,0,0,0,0,0,0,1,0,0,0,0
4TnFANpjVwVKWzkxNzIyFH,0,0,0,0,0,0,0,0,0,0,0,0,0,0,0
2ekn2ttSfGqwhhate0LSR0,1,0,1,0,0,0,0,0,0,0,0,0,0,0,0
2PWjKmjyTZeDpmOUa3a5da,0,0,0,0,0,0,0,0,0,0,0,0,0,0,0
1rfofaqEpACxVEHIZBJe6W,1,0,1,1,0,0,0,0,0,0,0,0,1,0,0
5F8ffc8KWKNawllr5WsW0r,0,0,0,0,0,0,0,0,0,0,0,0,0,0,0
3i9UVldZOE0aD0JnyfAZZ0,1,0,0,1,0,0,0,0,0,0,0,0,0,0,0